Sample;FTO [rs8050136];FTO [rs7202116];FTO [rs9930506];KCNJ11 [rs5219];SLC30A8 [rs13266634];CDKN2B [rs10811661];CDKAL1 [rs7756992];CDKAL1 [rs9465871];CDKAL1 [rs7754840];CDKAL1 [rs10946398];Age;BMI;Basal glucose level ;Glucose level 2 h after PGTT;Basal insulin level ;Insulin level 2 h after PGTT;Glycated hemoglobin НbА1с ;HOMA-b;HOMA-IR
1E;CC;AA;AG;Glu/Glu;CT;CT;AA;CC;CG;AC;51;36,8;10,3;;10,4;103,4;7,3;15,3;8,8
2E;CA;GG;GG;Lys/Lys;CC;CC;AG;CT;CG;AA;70;34,9;7,4;12,6;7,7;153,8;9,7;42,2;6,7
3E;CC;AG;AG;Glu/Glu;CT;TT;AG;CT;CC;AA;64;24,3;8,3;11,9;6,9;71,6;7,9;73,1;6,8
4E;CC;AG;AA;Lys/Lys;CC;CT;AG;CT;CG;AC;58;29,3;8,3;10,8;5,8;100,6;4,9;68,8;6,5
5E;CC;GG;AA;Glu/Lys;CC;TT;AG;CT;CC;AC;63;29,6;9,4;11,0;17,5;81,3;5,5;40,2;9,0
6E;CA;AG;AA;Lys/Lys;CT;CT;AA;CC;CC;AA;38;37,9;7,8;13,3;21,1;107,4;7,1;55,1;5,5
7E;CC;GG;AG;Glu/Glu;CT;TT;AG;CT;CG;AA;77;37,8;8,1;12,4;14,1;141,5;6,6;39,1;5,3
8E;CA;AG;AG;Glu/Lys;CC;CT;AA;TT;CC;AC;74;25,0;9,5;14,1;14,5;141,4;8,9;58,5;6,4
9E;CA;AG;AG;Lys/Lys;CT;CT;AA;CC;CG;AA;68;25,2;10,2;13,0;18,5;91,6;4,7;62,2;8,8
10E;CC;AA;AG;Lys/Lys;CC;TT;AG;TT;CG;AA;64;29,0;9,5;11,8;5,4;125,8;9,0;59,8;8,6
11E;CA;AG;AG;Lys/Lys;CC;TT;AA;CC;CC;AC;52;32,2;8,7;10,6;10,5;117,9;5,3;37,8;7,5
29E;CA;AG;AG;Lys/Lys;CC;TT;AA;CT;CC;AA;45;27,9;9,4;9,1;14,3;57,7;6,3;51,7;4,9
12E;CA;AA;AG;Glu/Glu;CC;CC;AG;CT;CG;AC;41;37,3;7,6;12,8;6,9;51,4;4,1;65,7;5,8
13E;AA;GG;AG;Glu/Lys;CT;CT;AG;CC;GG;AA;77;34,4;10,4;10,6;17,0;139,4;5,3;43,7;7,8
14E;CC;AG;AG;Glu/Lys;CC;CC;AG;CC;CC;AA;45;24,0;9,2;12,1;21,0;41,9;4,3;56,3;7,6
15E;CC;GG;GG;Glu/Glu;CT;CT;AG;CT;CC;AC;72;27,1;8,6;11,5;7,4;80,6;5,4;41,2;7,5
16E;CC;AA;AG;Glu/Lys;CC;CT;AG;CT;GG;AC;60;25,7;10,3;14,3;6,4;74,8;7,2;15,4;9,0
17E;CA;AA;AA;Glu/Lys;TT;CT;AA;CT;CC;AC;67;27,7;6,5;10,4;20,1;35,5;6,2;25,4;6,2
18E;CA;GG;GG;Glu/Lys;CC;CT;AA;CC;CC;AC;54;33,6;8,8;;16,5;90,3;6,3;71,6;5,2
19E;CA;AA;AG;Glu/Lys;TT;CT;GG;CT;CC;AA;67;22,9;11,6;11,4;21,4;71,4;5,7;21,5;4,1
20E;CA;AG;AG;Lys/Lys;CC;TT;GG;CT;CC;AA;57;25,1;11,0;12,6;21,0;111,0;7,5;47,1;8,3
21E;CA;AA;AG;Glu/Glu;CC;TT;AG;CT;CC;CC;58;21,4;11,8;11,5;15,3;106,6;6,3;;5,5
22E;AA;AA;AG;Lys/Lys;CT;CT;AG;CC;CC;AA;74;36,0;9,4;11,3;12,9;72,5;4,8;68,7;7,4
23E;CA;AG;AG;Glu/Lys;CT;CC;AA;CT;CC;AC;54;35,3;9,0;9,4;21,6;87,7;10,3;32,4;6,5
24E;CC;AG;AG;Glu/Lys;TT;TT;GG;CC;CC;AA;66;31,0;10,8;14,1;19,0;79,0;7,5;37,5;7,0
25E;AA;GG;AG;Lys/Lys;CT;CT;AG;CC;CC;AC;37;27,5;8,9;11,0;16,6;110,3;5,9;57,9;7,5
26E;CC;AA;AG;Lys/Lys;TT;TT;AA;CT;CG;AA;59;31,3;7,4;12,7;14,0;106,4;7,3;17,2;6,0
27E;CA;GG;AA;Glu/Lys;CC;CC;GG;CC;CC;AA;68;28,2;10,5;12,1;22,3;108,3;8,2;;6,2
28E;CA;AG;GG;Glu/Lys;CT;TT;AA;TT;CG;AC;57;30,7;11,3;9,5;7,9;82,1;6,1;66,9;8,8
30E;CC;GG;AG;Glu/Glu;CC;TT;GG;CT;CG;AA;60;22,8;7,8;13,4;12,2;88,4;5,8;;6,0
31E;CC;AA;AG;Glu/Glu;CC;TT;AG;CT;CG;AC;61;33,4;7,8;12,4;11,2;106,6;;48,2;7,6
32E;CA;AG;AG;Lys/Lys;CC;TT;AA;CT;CC;AC;53;25,1;11,2;11,9;21,5;102,9;6,7;50,6;5,5
33E;CA;GG;AA;Glu/Glu;TT;TT;AA;CC;CC;AA;69;33,0;9,2;12,8;19,0;79,1;4,6;29,2;6,6
34E;CA;AG;AG;Glu/Lys;CT;TT;AA;CC;CC;CC;61;36,2;7,9;12,6;13,7;122,8;9,8;;6,4
35E;CA;AA;GG;Lys/Lys;CT;TT;AG;CT;CC;AC;61;31,3;8,3;8,8;17,2;120,3;10,1;45,1;8,5
36E;CC;AG;AG;Glu/Lys;CC;CT;GG;CT;CG;AC;66;36,8;9,8;9,8;16,1;112,4;6,7;28,7;
37E;CC;AG;AA;Lys/Lys;TT;CT;AG;CT;CG;AA;69;20,1;8,7;10,7;6,4;;5,6;35,1;6,9
39E;CA;AG;AA;Glu/Lys;CC;CT;AA;CT;CC;AC;59;27,8;8,8;10,4;10,9;74,9;6,3;32,4;6,7
40E;CA;GG;AG;Glu/Lys;CT;CC;AG;CT;CC;CC;54;33,4;11,2;13,2;9,7;77,6;11,1;24,1;6,0
41E;CA;AA;AG;Glu/Lys;CT;CC;AA;CC;CC;AC;49;27,9;10,7;11,6;15,2;74,4;9,8;51,3;7,2
42E;CA;AG;AG;Glu/Glu;CC;TT;AG;CT;GG;AC;53;40,9;9,1;12,9;14,5;156,4;7,2;51,0;6,0
43E;CA;AG;AG;Lys/Lys;CC;CT;AA;CC;CC;AA;46;26,1;8,3;11,9;5,0;93,9;8,0;72,4;7,0
44E;CC;AG;AA;Glu/Lys;CT;CT;AG;CT;CC;AA;48;32,4;10,4;11,9;11,5;93,3;6,8;49,4;6,7
45E;CA;GG;AG;Glu/Lys;CT;TT;AA;CC;CC;AA;74;22,4;10,2;12,7;21,7;69,3;7,4;47,9;5,0
46E;CA;GG;AG;Glu/Lys;CT;CC;GG;CC;CC;AA;68;27,4;7,4;13,7;10,6;44,0;7,6;35,9;6,4
47E;CC;AG;AA;Glu/Lys;CT;CC;GG;CC;CG;AA;73;27,4;11,5;12,4;20,5;145,1;8,0;44,7;4,4
48E;CA;AG;AG;Glu/Lys;CC;TT;AA;TT;CC;AC;63;30,4;7,8;11,8;8,3;;;73,1;8,7
49E;CA;AG;AG;Glu/Lys;CT;CT;AA;CT;CC;AA;76;25,7;10,5;12,2;20,1;100,9;8,6;46,4;7,7
50E;CC;AG;GG;Lys/Lys;CC;CT;AG;TT;CC;AC;51;34,2;11,7;11,0;23,0;93,5;4,7;;7,4
51E;CA;AG;AG;Lys/Lys;CC;CC;AA;TT;CC;AC;70;24,1;7,3;13,3;8,6;79,1;8,1;48,6;5,5
52E;CC;AG;GG;Lys/Lys;CC;CT;AA;CC;CG;CC;57;37,6;8,1;11,2;8,1;;6,5;53,0;
53E;CC;AG;GG;Glu/Lys;CC;CC;AA;CT;CC;AC;77;34,3;7,2;12,8;20,5;115,5;9,5;68,2;8,2
54E;CA;AA;AA;Glu/Lys;CC;CC;AA;CC;CG;AA;70;24,3;8,3;13,3;20,3;106,0;5,1;62,8;6,1
55E;CA;AG;AG;Glu/Lys;CC;CC;AG;TT;CG;AC;49;36,6;10,3;12,7;5,1;43,9;7,5;57,8;5,8
56E;CA;AA;AG;Glu/Lys;CC;CC;AA;CC;CG;AA;50;30,9;9,9;10,7;10,5;68,7;5,1;79,2;6,4
57E;CA;AA;AA;Glu/Glu;CC;TT;AA;TT;CG;AC;54;29,3;8,5;13,1;9,3;73,7;9,0;66,1;6,5
58E;CA;AA;AG;Glu/Lys;CT;CT;AA;CT;CC;AC;72;32,9;9,8;10,3;20,0;137,3;6,6;48,6;4,2
59E;CA;AG;AG;Glu/Lys;CC;CT;AA;CT;CC;CC;51;32,0;9,9;12,9;18,0;;4,8;65,4;7,9
60E;CC;AG;AA;Glu/Lys;TT;CT;AA;CT;CG;AA;67;36,9;10,1;10,9;17,0;138,6;8,9;35,3;5,4
61E;CA;GG;AA;Glu/Lys;TT;CT;GG;CT;CG;AA;59;32,8;9,2;14,1;16,6;;10,6;41,3;5,3
62E;CC;GG;AA;Glu/Glu;CC;TT;AA;CC;CG;AA;36;37,2;11,9;14,1;10,3;73,7;8,4;47,9;7,1
63E;CC;AG;AA;Glu/Lys;CC;CC;AG;CT;CG;AA;46;24,9;12,1;9,2;11,1;99,9;6,4;53,0;8,3
64E;AA;AG;AA;Glu/Lys;TT;TT;AA;TT;CC;AA;47;28,7;10,1;12,8;6,7;105,5;7,5;33,4;8,5
65E;CC;AG;GG;Lys/Lys;CC;TT;AG;CC;CG;CC;75;24,1;9,5;12,0;14,8;137,1;7,5;49,2;5,4
66E;CC;GG;AG;Glu/Lys;CC;CT;AG;CT;CC;AC;68;39,4;6,9;14,4;14,2;35,0;7,5;;7,5
67E;CC;AA;GG;Glu/Lys;CC;TT;AG;TT;CC;AA;54;31,7;8,5;12,6;20,5;77,0;5,9;;5,7
68E;CC;AA;AG;Lys/Lys;CT;CT;AA;TT;CC;AA;38;25,6;8,6;10,4;6,2;99,7;6,9;45,9;5,4
69E;CC;AA;AG;Glu/Lys;CC;TT;GG;CT;CG;AA;61;23,8;8,6;11,4;17,7;66,9;;44,8;6,0
70E;AA;AG;GG;Glu/Lys;CT;CT;GG;CT;CC;AA;61;22,6;11,0;9,8;18,3;95,5;7,7;38,2;6,4
71E;CA;AA;AG;Lys/Lys;CT;TT;AA;CC;CC;AC;57;27,1;10,3;13,1;8,7;47,8;6,2;52,7;6,6
72E;CA;AG;AA;Glu/Lys;CC;CT;AA;CC;CG;AA;61;33,8;8,4;11,0;22,0;124,1;11,8;25,2;8,1
73E;CA;AG;AA;Glu/Lys;CT;TT;AG;CC;CC;AC;59;22,0;7,3;13,3;14,5;133,0;8,6;77,9;6,2
74E;CA;AG;GG;Glu/Lys;CC;CT;AA;TT;CG;AA;48;23,5;11,9;;15,6;60,7;5,2;59,7;
75E;CA;AG;GG;Lys/Lys;CC;TT;AG;TT;CG;AC;64;24,4;9,2;13,2;11,2;75,3;11,6;61,6;8,3
76E;CA;AA;AG;Lys/Lys;CT;CT;AA;TT;CG;AA;54;35,0;7,4;13,5;20,0;78,0;5,6;49,7;4,5
77E;CA;AG;AG;Lys/Lys;CT;CC;AG;CC;CG;AA;70;39,0;9,3;13,1;17,3;106,0;7,8;48,3;
78E;CC;AG;AA;Glu/Glu;CC;CT;AA;TT;CG;CC;59;41,2;11,1;9,0;17,1;101,5;5,4;29,7;8,8
79E;CA;AG;GG;Glu/Lys;CT;TT;AA;CT;CC;AA;62;30,0;7,6;9,8;19,1;71,2;7,8;43,7;6,7
80E;CA;GG;GG;Glu/Lys;CT;CC;AA;CC;CG;AA;61;34,4;10,2;11,5;5,5;71,9;8,4;56,8;7,4
81E;CC;GG;AG;Glu/Lys;TT;TT;AG;CT;CC;AA;54;37,6;7,3;;13,8;94,1;9,3;48,0;8,5
82E;CA;AA;GG;Glu/Lys;CT;TT;GG;CT;CC;AA;68;37,3;10,3;11,8;16,7;107,1;6,7;58,5;5,9
83E;CC;AG;GG;Glu/Glu;CT;TT;AG;CT;CC;AC;63;25,5;11,1;12,2;8,2;97,4;5,4;62,7;6,5
84E;CA;AA;AG;Glu/Lys;CT;TT;GG;CC;CG;AA;69;33,6;10,6;11,5;20,5;94,4;7,4;23,3;7,1
85E;CC;AG;AA;Glu/Lys;TT;TT;AG;CC;CG;AC;57;35,2;8,9;11,3;20,1;101,3;6,7;32,9;8,0
87E;CC;AG;AG;Glu/Glu;CC;CC;AA;CT;GG;AA;54;35,5;12,1;13,9;7,6;95,5;4,8;62,7;8,5
86E;CA;GG;AA;Glu/Lys;CT;TT;AA;CT;CC;AA;72;34,0;8,5;10,4;16,9;66,5;;38,4;7,0
88E;CC;AA;AG;Glu/Lys;CC;CT;AG;CT;CC;AC;61;34,4;9,3;11,7;18,8;74,1;9,7;54,2;5,5
89E;CA;AA;AG;Glu/Lys;CC;TT;AG;CC;CG;AA;59;26,5;10,2;12,8;20,2;97,2;8,1;39,4;7,1
90E;CC;AA;AG;Lys/Lys;CC;TT;AA;CC;CC;AA;58;31,1;11,1;10,3;24,2;48,4;4,9;39,3;8,7
91E;CA;AG;GG;Glu/Lys;CT;CC;AA;CT;CG;AC;67;24,4;9,8;13,9;23,7;;6,9;19,9;4,7
92E;CA;AG;AG;Glu/Lys;CT;CT;AA;CT;CC;AC;66;29,2;9,1;;9,3;74,5;7,3;52,0;7,1
93E;CC;AA;AG;Glu/Lys;CC;CT;AA;CT;CC;AA;50;34,8;9,7;11,2;19,3;102,0;7,2;60,4;8,2
94E;CC;AA;AG;Glu/Lys;CC;CC;AG;CT;CC;AC;42;31,1;11,3;12,8;12,4;61,4;9,0;25,2;6,7
95E;CC;AG;AG;Glu/Glu;CT;CT;AG;TT;CC;AA;69;36,0;8,1;12,7;18,1;91,8;6,4;61,5;4,4
96E;CA;AA;AG;Glu/Lys;CT;TT;AG;TT;CG;AA;45;28,6;10,3;13,5;13,2;95,3;6,4;74,7;5,9
97E;AA;GG;AG;Glu/Lys;CT;CT;GG;CT;CG;CC;49;21,6;11,0;13,4;13,6;33,2;4,1;36,0;5,9
98E;CC;AG;AG;Glu/Glu;CC;TT;AG;CT;GG;AC;57;30,6;9,8;10,8;19,3;58,1;9,4;34,2;6,3
99E;CC;AG;AG;Glu/Lys;CC;CT;GG;CT;CG;AA;64;26,8;9,3;11,7;12,2;50,4;11,9;53,2;4,8
100E;CA;AA;GG;Glu/Glu;CT;TT;AG;CT;CG;AA;63;32,1;8,7;13,0;;92,5;6,9;49,3;5,4
101E;CA;AA;AG;Glu/Lys;CC;TT;AG;CT;CC;CC;58;30,1;9,2;11,1;10,1;107,7;8,9;36,7;4,9
161E;CC;AG;AG;Glu/Lys;CT;TT;AA;CC;CG;AA;73;32,3;9,4;13,2;6,2;92,2;7,2;46,8;5,0
102E;CA;AG;AG;Glu/Glu;CT;TT;AA;CT;CG;AC;45;35,7;10,9;12,8;22,6;51,7;7,7;45,6;9,0
103E;CC;AG;AG;Lys/Lys;CC;CC;AG;CT;CC;AC;44;25,3;7,4;13,5;9,8;70,4;6,2;78,2;
104E;CC;AA;AA;Glu/Lys;CT;CC;AA;CT;CC;AA;49;33,4;10,7;11,4;13,6;102,7;7,1;29,9;4,9
105E;CA;AA;GG;Lys/Lys;CC;CT;AG;CC;CG;AA;47;34,9;7,9;14,1;24,8;91,6;7,2;22,1;7,5
106E;CA;GG;GG;Glu/Glu;CC;CT;AG;CT;CC;AA;50;23,4;9,2;13,0;18,4;77,6;9,3;56,4;6,2
107E;CA;AG;AG;Glu/Glu;CT;CT;AG;CT;CC;AA;57;27,0;11,0;11,7;6,9;105,6;7,1;48,2;7,5
108E;CC;GG;GG;Glu/Lys;CC;TT;AA;CT;CC;AA;61;31,8;9,2;11,2;14,6;114,4;9,5;74,8;7,8
109E;CA;AA;AG;Glu/Glu;CT;TT;AG;CT;CG;AA;65;33,1;9,7;11,2;16,8;103,2;4,6;72,4;8,1
110E;AA;AG;AG;Glu/Lys;TT;TT;AA;CT;CC;AA;62;30,5;11,1;12,0;15,5;120,8;5,2;54,6;5,1
111E;AA;AA;GG;Glu/Glu;CC;TT;AA;CC;CG;AA;72;26,6;8,2;13,7;;99,5;7,6;37,5;6,7
112E;CC;AA;AG;Glu/Lys;CC;CT;GG;CT;CC;AC;52;33,2;9,6;;18,1;99,0;5,1;64,8;5,7
113E;CC;GG;AG;Glu/Lys;CT;CT;AA;CT;CC;AC;72;29,5;8,7;11,8;6,2;156,7;8,4;33,6;6,8
114E;CA;GG;AG;Glu/Lys;CC;CT;AA;CC;CC;AC;64;30,5;10,9;12,5;15,8;;6,9;35,6;8,6
115E;CA;AG;GG;Glu/Lys;CC;CC;AG;TT;CC;AC;73;36,3;8,7;11,8;20,2;114,7;8,4;57,1;7,5
116E;CA;AG;GG;Glu/Lys;TT;CT;AG;CT;CC;AC;49;25,4;8,2;10,1;9,9;82,3;8,7;37,5;8,8
117E;AA;AA;GG;Glu/Lys;CT;CT;AA;CC;CC;AC;60;35,4;11,1;12,8;18,1;83,8;9,7;60,7;7,3
118E;CA;AG;AG;Lys/Lys;CC;TT;AG;CT;CC;AA;61;26,9;7,7;10,5;8,4;;5,3;39,1;
119E;CA;AG;AA;Glu/Glu;CC;CC;GG;CT;CG;AC;73;36,9;10,7;11,0;5,6;112,3;;45,3;6,7
120E;CA;AA;AG;Glu/Lys;CC;CT;AG;CC;CC;AA;59;27,4;11,3;8,8;8,7;30,7;9,1;;7,8
121E;CA;AA;GG;Glu/Lys;CT;CT;AG;CT;CG;AA;64;22,3;10,1;9,7;11,6;55,2;11,7;;6,1
122E;CC;AG;AG;Glu/Lys;TT;CT;AA;CT;CC;AA;53;29,1;8,9;13,4;16,6;60,9;5,9;41,2;
123E;CC;AG;AA;Glu/Lys;CC;CT;AA;CT;CC;CC;63;26,2;9,3;14,2;12,4;103,5;8,1;52,0;8,5
124E;CC;AG;AA;Glu/Glu;CT;CC;AA;CT;CG;AA;58;27,8;7,8;10,0;10,8;102,3;10,0;23,6;5,8
125E;CC;AG;AG;Glu/Lys;CT;TT;AG;CT;CG;AC;63;33,2;7,0;14,5;10,7;123,1;8,4;23,6;7,4
126E;CA;AA;GG;Lys/Lys;CT;CC;AA;TT;CG;AA;41;23,9;7,6;12,1;;121,5;5,6;31,9;6,2
127E;CC;AA;GG;Glu/Lys;TT;TT;AA;CC;CG;AA;42;29,2;11,1;10,4;23,0;55,0;8,1;33,8;
128E;CA;AG;AA;Glu/Lys;CC;TT;AA;CT;CG;AC;64;29,4;8,0;12,0;15,5;114,0;9,4;47,2;4,9
129E;CA;AA;AG;Glu/Glu;CT;CC;AG;CT;CG;AC;64;35,0;10,0;12,4;20,6;119,2;9,0;29,3;5,2
130E;CA;GG;GG;Glu/Lys;CC;CT;AA;CT;CC;AC;77;25,0;9,2;12,7;5,9;128,8;7,9;35,2;6,6
131E;CC;GG;AG;Glu/Lys;CC;CT;AG;CC;CC;AA;64;30,5;8,5;13,1;15,4;101,1;8,6;31,8;4,2
132E;CA;AG;AA;Glu/Lys;CT;CT;AG;CC;CC;AA;63;27,6;10,8;12,6;9,1;135,5;4,0;47,4;4,2
133E;CA;AG;AA;Glu/Glu;CT;TT;AG;CC;CC;AA;58;35,3;8,1;13,1;18,4;87,1;5,3;32,1;8,3
134E;CC;AG;AG;Lys/Lys;TT;TT;AG;CT;CG;AA;74;38,3;7,2;11,9;17,4;97,9;7,7;22,0;6,9
135E;CC;AG;AG;Glu/Lys;TT;CC;AA;CT;CG;AC;48;28,3;7,0;12,5;18,9;52,7;4,2;71,2;8,7
136E;CA;AG;GG;Glu/Lys;CC;CT;AA;CT;GG;AA;58;34,2;8,8;10,7;15,7;49,6;8,4;20,0;7,2
137E;CA;AG;AA;Lys/Lys;CT;CT;AA;CT;CC;AA;75;29,9;9,1;12,2;25,0;77,3;7,0;67,2;7,1
138E;CA;AG;GG;Glu/Lys;CT;CC;AG;CC;CC;AC;67;34,6;7,2;12,5;10,2;61,5;10,5;42,2;6,7
139E;CA;AA;GG;Glu/Lys;CT;CT;AG;CC;CG;AA;50;28,6;9,9;12,1;17,0;;10,4;;7,7
140E;CA;GG;AG;Glu/Lys;CT;CT;GG;CT;CC;AA;67;37,1;9,7;14,4;7,5;62,0;6,0;29,0;7,0
141E;CC;AA;AA;Glu/Lys;CT;CT;AA;CC;CG;CC;46;32,5;10,0;11,7;16,9;71,2;5,1;43,1;7,5
142E;CC;AG;AG;Glu/Lys;CT;TT;GG;CT;CG;AA;34;35,2;9,0;14,3;;68,0;6,9;71,2;5,1
143E;CA;AG;AA;Glu/Lys;CT;CC;AA;CT;CC;CC;69;29,9;12,0;10,4;14,2;114,1;4,7;28,6;8,2
144E;CA;AG;AA;Glu/Lys;CT;CT;AA;CC;GG;AA;59;27,7;7,5;14,2;15,7;94,1;6,0;62,1;5,2
145E;CA;GG;GG;Glu/Lys;CT;CT;AA;CT;CC;AA;61;32,7;9,0;11,1;13,1;94,0;4,4;74,4;7,7
146E;CA;GG;AA;Glu/Lys;CC;TT;AA;CT;CG;AA;54;29,4;9,2;14,0;11,1;144,9;4,7;39,7;6,5
147E;AA;AG;GG;Lys/Lys;CC;CT;AA;TT;CC;AC;62;29,8;7,8;;15,7;80,0;6,5;62,2;8,9
148E;CA;GG;GG;Glu/Glu;CT;TT;AA;CC;CG;AA;53;31,6;9,0;11,4;18,3;103,0;11,8;72,7;5,9
149E;CC;GG;AG;Glu/Lys;CC;CC;GG;CT;CC;AA;60;26,1;9,7;13,0;9,4;37,6;8,4;45,8;7,8
150E;CA;AG;GG;Glu/Glu;CT;TT;AG;CT;CG;AC;45;31,5;8,7;10,8;9,7;106,0;10,1;68,3;6,3
151E;CA;AG;AA;Lys/Lys;CC;CT;AA;CC;CC;AA;58;34,4;10,9;10,6;20,5;94,8;6,0;49,0;9,0
152E;CC;GG;GG;Glu/Glu;TT;CT;AG;CT;CC;AC;57;29,6;8,3;11,2;5,8;152,1;7,6;27,5;6,7
153E;CC;GG;GG;Lys/Lys;CC;CT;GG;CT;CG;AC;73;27,1;9,0;12,2;15,7;55,5;6,2;35,2;5,8
154E;CC;AG;AG;Lys/Lys;CT;CT;AA;CC;CG;AA;70;31,2;11,9;13,4;19,3;135,9;7,0;67,6;5,7
155E;CA;AA;AG;Glu/Lys;CC;CC;AA;CC;CG;AA;53;33,6;10,0;9,1;19,0;61,8;11,3;27,2;7,7
156E;CA;AG;AA;Lys/Lys;CT;CT;AA;CT;CC;AA;74;24,2;8,2;14,1;10,4;;8,1;59,5;7,6
157E;AA;GG;AG;Glu/Lys;TT;CC;AG;CT;CC;AC;49;27,4;10,8;10,7;13,0;125,6;7,1;53,0;6,2
158E;CC;AG;AA;Lys/Lys;CC;CT;AG;CC;CC;AA;47;27,5;9,8;13,1;22,7;135,6;;56,4;6,2
159E;AA;AG;AG;Glu/Lys;CC;TT;AG;CC;CC;AA;53;24,6;9,1;12,8;7,0;116,5;8,9;48,5;7,1
160E;CA;GG;AG;Glu/Lys;CT;CC;GG;CC;CG;AA;54;33,3;9,7;10,9;;108,2;7,0;53,9;7,2
162E;CA;AA;AG;Glu/Lys;CT;TT;GG;CT;CC;AA;65;31,4;8,3;11,3;7,0;57,3;7,4;;8,5
163E;CC;GG;GG;Lys/Lys;CC;TT;AA;TT;CG;AA;57;30,9;11,0;10,6;12,7;70,3;4,7;21,7;4,8
164E;CA;AA;GG;Glu/Lys;CT;TT;AA;CT;CC;AA;65;32,9;10,9;9,4;20,0;52,5;5,3;36,9;5,7
165E;CA;AA;GG;Lys/Lys;CC;CT;AG;CT;CC;AC;63;35,6;7,3;12,3;24,3;82,3;5,9;69,9;7,8
166E;CA;AG;AG;Glu/Lys;CT;CT;AA;CT;CC;AA;58;24,8;8,9;11,9;13,6;111,2;10,9;42,7;
167E;AA;GG;AG;Glu/Lys;CC;CT;AA;TT;CG;CC;64;35,0;7,8;9,2;22,1;62,2;7,1;52,9;6,7
168E;AA;AG;AA;Lys/Lys;CC;CT;GG;CC;CC;AC;68;26,5;10,8;13,4;15,7;75,2;7,8;51,0;8,0
169E;CC;AG;AA;Glu/Glu;CC;CC;AA;CC;GG;AA;60;25,8;10,0;13,6;8,0;140,6;11,3;54,7;8,6
170E;CA;AG;AG;Glu/Lys;CT;TT;AG;CC;CG;AA;41;30,3;7,3;11,9;22,7;68,2;4,7;64,8;5,9
171E;CA;AA;GG;Glu/Glu;CC;CT;GG;CC;CC;AC;71;29,8;8,6;12,5;21,8;84,0;10,9;23,3;6,8
172E;CA;GG;AG;Lys/Lys;CC;CC;GG;TT;CC;AA;64;31,0;9,9;13,0;21,4;130,2;8,0;42,6;5,6
173E;CA;AG;AG;Glu/Glu;CC;CT;AG;CC;CC;AA;73;30,5;8,3;11,2;13,5;94,2;7,3;54,0;5,3
174E;CC;GG;AG;Glu/Lys;TT;CC;AA;CT;CG;CC;75;23,3;8,6;11,7;10,4;113,9;;29,5;7,8
175E;CC;AG;GG;Glu/Glu;CC;TT;AG;CT;CG;AC;61;30,1;9,0;12,8;11,0;96,7;7,8;19,7;
176E;CA;AG;GG;Glu/Lys;CC;CT;AA;CT;CC;AA;76;33,2;10,0;14,5;7,1;129,3;;28,3;8,5
177E;CC;AG;AG;Glu/Lys;CT;CT;AA;CT;GG;AC;63;40,6;11,7;11,9;15,8;145,2;8,7;51,0;5,4
178E;CC;AA;AG;Lys/Lys;CT;CT;AG;CT;CG;AA;68;28,8;9,2;13,5;17,8;48,3;6,9;61,2;4,8
179E;CA;AA;AG;Glu/Lys;CT;CT;AG;CC;CC;AA;61;35,8;9,8;11,1;;85,8;;42,0;7,0
180E;CA;AG;AA;Glu/Glu;CC;CT;AG;CT;CC;AC;70;28,7;10,4;12,9;19,9;87,4;8,2;16,4;7,8
181E;CA;AG;AA;Glu/Lys;CC;TT;GG;CT;CG;AA;70;25,1;8,3;12,0;10,8;101,8;6,9;76,8;6,9
182E;CA;GG;GG;Glu/Lys;CT;CT;AA;CT;CC;AA;67;27,4;11,0;;24,4;72,2;4,7;53,7;8,1
183E;CA;AG;AA;Glu/Lys;CC;CT;AG;CT;CG;AA;68;30,1;9,4;13,1;8,6;75,9;8,4;23,1;4,1
184E;CC;AG;AA;Glu/Glu;CC;CC;AA;TT;CG;AA;70;38,7;10,0;11,6;14,0;33,8;7,0;56,0;6,3
185E;CA;GG;GG;Lys/Lys;CC;TT;AA;CT;CG;AC;68;25,4;11,2;11,1;20,9;68,1;10,5;42,9;8,3
186E;CA;GG;AA;Lys/Lys;CT;CC;AG;CC;CC;AA;72;35,2;9,9;;17,3;;8,7;71,3;6,8
187E;CA;AG;AA;Glu/Lys;CC;CT;AA;CC;GG;AA;45;31,1;7,9;13,8;9,5;127,0;5,7;78,0;5,3
188E;AA;GG;AG;Lys/Lys;CC;CT;AG;CT;CG;AA;77;27,5;9,0;13,0;19,3;112,4;11,0;53,2;5,8
189E;CA;AG;AA;Glu/Lys;CC;CT;AG;CC;CG;AA;55;33,4;10,5;10,4;16,1;106,5;7,6;72,2;8,0
190E;CC;GG;AG;Glu/Lys;CC;CT;GG;CT;CG;AA;58;33,7;11,2;11,0;19,0;150,4;4,5;60,1;6,6
191E;CC;AG;AG;Glu/Glu;CT;CT;GG;CC;CC;AA;68;34,5;7,9;11,3;6,7;146,2;6,2;39,1;5,6
192E;CC;AA;AG;Glu/Lys;CC;TT;AG;CT;CC;AA;59;25,9;11,2;11,7;11,0;111,2;10,0;71,9;7,3
193E;CA;AG;AA;Glu/Glu;CC;TT;AA;CT;CG;AC;61;40,5;8,1;12,6;8,1;120,8;7,2;52,9;7,0
194E;CA;GG;AG;Glu/Lys;CT;TT;AA;CT;CC;AC;68;33,8;11,1;13,2;14,2;147,4;4,8;62,9;8,4
195E;CA;GG;AG;Glu/Lys;CC;CC;AG;TT;CC;CC;67;28,3;7,8;12,4;19,7;98,8;6,0;;5,9
196E;CA;GG;GG;Glu/Glu;CC;TT;AA;CT;CC;AA;75;38,0;10,5;11,5;7,7;75,4;8,7;50,6;6,7
197E;CC;AG;AG;Glu/Lys;CC;CC;AA;CT;CC;AC;68;22,4;9,6;12,9;13,1;83,5;5,3;26,4;8,7
198E;CC;AA;AG;Glu/Glu;CT;TT;GG;CC;CC;AA;58;30,7;9,1;9,9;24,9;105,6;7,0;56,3;6,1
199E;CA;GG;GG;Glu/Lys;CC;TT;AG;TT;CC;AA;72;28,0;7,0;12,4;21,4;69,2;7,5;30,3;8,8
200E;CA;AG;AG;Glu/Lys;CC;TT;AG;TT;CG;AA;49;27,3;10,6;12,0;;108,5;5,5;56,5;7,2
201E;CC;AA;AG;Glu/Glu;CC;TT;AA;CC;CG;AA;72;33,4;11,4;14,4;22,6;106,3;6,9;79,1;6,4
202E;CA;AA;AG;Glu/Lys;CC;TT;AA;CT;CG;AA;36;30,4;10,0;13,9;13,6;124,9;4,5;48,9;4,7
203E;CA;AG;GG;Glu/Lys;CT;TT;AA;TT;CC;AA;44;31,4;9,9;13,4;16,2;79,5;5,9;50,6;
204E;CA;AG;AG;Glu/Glu;CT;CC;AG;TT;CG;AC;60;33,4;7,8;12,4;17,8;96,4;6,7;74,3;7,7
205E;CA;AG;AG;Lys/Lys;CT;CC;AA;CT;CG;AC;48;27,4;10,5;12,9;13,7;151,6;10,3;56,4;8,1
206E;CA;GG;GG;Glu/Glu;CC;CT;AG;CT;CC;AC;56;24,2;11,9;9,0;21,4;65,6;8,9;78,9;8,1
207E;CA;AA;AA;Glu/Lys;CC;CT;AA;CT;CG;CC;52;33,0;9,0;12,4;8,6;92,6;4,4;61,5;
208E;CA;AA;AA;Lys/Lys;CT;CC;AA;CT;CG;AA;58;26,2;10,9;14,3;17,0;61,5;9,8;70,6;5,4
209E;CA;AG;AA;Lys/Lys;CC;CC;AA;CC;CG;AA;37;31,9;8,9;11,1;9,3;88,4;5,1;46,1;4,6
210E;CC;AG;AG;Glu/Glu;CT;TT;AG;CC;CC;CC;49;29,6;10,9;14,4;13,9;57,1;7,1;66,0;7,0
211E;CA;AG;AA;Glu/Lys;CC;TT;AA;TT;CC;AA;67;22,9;9,1;11,4;11,9;110,7;5,0;71,1;8,5
212E;CC;AG;GG;Lys/Lys;CT;TT;AA;CT;CG;AC;49;26,6;9,8;12,2;7,3;70,7;8,6;52,8;6,7
213E;CC;AG;AG;Glu/Lys;TT;CT;AG;TT;CG;CC;71;23,0;8,1;13,2;18,5;84,8;8,5;28,4;7,7
214E;AA;AA;AA;Glu/Glu;TT;CT;AG;TT;CC;AA;68;23,7;10,2;11,9;15,4;42,0;6,8;43,7;6,4
215E;CA;AG;GG;Glu/Glu;CT;CT;AA;CT;CC;AC;67;31,8;7,7;13,3;11,2;123,7;4,3;19,4;8,0
216E;CA;AG;AG;Glu/Lys;CC;TT;AG;CT;CC;AA;75;36,0;11,8;12,4;22,3;68,0;4,2;52,3;8,5
217E;CC;AG;GG;Lys/Lys;CC;TT;AG;CC;CC;AA;63;38,6;9,6;13,9;13,5;144,6;;61,4;7,1
218E;AA;AA;AA;Glu/Lys;CC;CT;GG;CT;CC;CC;73;24,7;9,4;13,9;;65,3;9,7;16,8;4,9
219E;CA;AG;GG;Lys/Lys;CC;TT;AG;CT;GG;AA;54;21,1;7,6;11,8;18,2;100,0;10,2;39,7;6,9
220E;CA;GG;AG;Glu/Lys;CC;CT;GG;CT;CG;AA;75;25,4;9,9;13,8;11,3;106,0;6,5;63,7;8,5
221E;CA;AA;AG;Glu/Lys;TT;CT;AG;CT;CC;AA;64;30,3;10,8;12,9;16,5;103,2;6,7;57,6;4,8
222E;CC;AA;AA;Lys/Lys;CT;CT;AG;CC;CG;AA;73;31,7;9,0;12,6;11,0;86,3;;63,3;5,3
223E;CA;AA;AG;Lys/Lys;CT;TT;AA;CT;CC;AC;48;32,8;7,1;12,1;12,7;87,9;7,6;26,8;8,3
224E;CA;AA;GG;Glu/Glu;CC;CT;AG;CT;CC;AA;58;34,8;8,7;12,4;22,5;101,1;10,8;54,5;8,7
225E;CA;AG;GG;Lys/Lys;TT;CC;AA;CT;CG;AC;56;40,4;8,1;;7,8;93,8;9,7;35,8;5,7
226E;CA;AA;AG;Glu/Lys;CC;CC;AA;CC;CG;AA;67;31,3;9,2;13,1;22,3;79,4;9,7;71,8;7,9
227E;CA;AG;GG;Glu/Glu;CT;CT;AA;CT;CC;CC;58;28,2;10,8;12,7;19,0;75,0;9,7;33,5;6,2
228E;CA;AG;AG;Glu/Glu;CC;TT;AA;CT;CG;AA;56;34,9;7,2;12,0;15,7;87,0;6,1;43,9;5,6
229E;CA;AG;AG;Lys/Lys;CT;CC;AA;CT;CC;AA;73;33,1;10,6;11,5;8,7;128,9;6,9;50,6;4,5
230E;CC;AA;AG;Glu/Lys;CC;CT;GG;TT;CC;AC;56;25,2;10,2;10,8;10,4;113,1;11,2;42,2;8,2
231E;CA;AG;AA;Glu/Lys;CT;CT;AA;CT;CG;AA;62;22,1;10,6;11,2;7,0;99,9;5,1;;5,7
232E;CA;AG;AG;Glu/Lys;CT;TT;AA;TT;CG;AA;66;25,7;10,8;14,5;8,4;80,3;7,7;57,1;6,2
233E;CC;AA;AG;Glu/Lys;CT;TT;AA;CT;CC;AA;69;23,6;9,0;14,0;14,3;76,9;8,3;21,0;6,9
234E;AA;AA;GG;Lys/Lys;CT;CT;GG;CC;CG;AA;40;31,3;10,0;;11,5;109,4;8,5;46,0;7,8
235E;CA;AG;AG;Glu/Lys;CC;TT;GG;CT;CC;AA;70;37,7;9,0;12,4;20,5;148,2;10,7;66,8;7,1
236E;CA;AG;AA;Glu/Glu;CC;TT;GG;CT;CG;CC;55;22,4;10,2;13,4;;58,6;7,6;67,9;6,3
237E;CA;AG;AA;Glu/Glu;CC;CT;AG;CT;CG;AA;60;38,6;11,4;12,4;24,0;69,8;7,0;46,2;8,0
238E;CA;GG;AA;Glu/Lys;CC;CT;AA;CT;CC;AA;47;25,2;11,0;;22,6;43,8;5,5;43,0;8,0
239E;CA;AG;AA;Lys/Lys;CC;CT;AA;CC;CC;AA;54;30,7;8,4;13,5;18,0;76,7;5,9;18,1;6,9
240E;CA;AA;AA;Glu/Glu;CT;TT;AA;TT;CC;AA;69;34,8;7,1;11,8;11,7;103,5;7,9;29,7;5,6
241E;CA;AA;AG;Glu/Glu;CT;CC;AA;CT;CG;AA;46;41,3;8,6;11,4;19,6;;7,3;50,6;8,1
242E;CC;AG;GG;Lys/Lys;CT;TT;AG;CT;CG;AA;63;26,8;8,1;13,4;5,2;116,3;4,2;27,1;4,1
243E;CC;AG;AG;Glu/Lys;CT;CT;AG;CT;CC;AA;66;30,0;11,0;12,3;18,2;65,9;6,1;74,2;7,5
244E;CA;AG;AG;Lys/Lys;CT;CC;AA;CT;CC;AA;65;23,7;9,0;13,0;13,1;129,6;4,6;66,7;7,3
245E;CA;AG;AG;Glu/Glu;TT;TT;AA;CC;CC;AA;55;33,9;11,1;12,1;12,7;78,3;9,8;31,2;6,7
246E;CC;GG;AA;Glu/Lys;CT;CC;AA;CC;CG;AC;50;31,4;7,4;12,5;16,5;101,1;9,1;38,1;7,0
247E;CA;GG;GG;Glu/Lys;CT;CT;AA;TT;CC;AA;71;36,4;8,8;12,2;22,9;89,1;7,1;47,5;4,5
248E;CA;AA;AA;Glu/Lys;CC;CC;AA;CT;CC;AA;57;35,9;6,6;11,4;13,2;108,9;9,2;44,4;6,1
249E;CC;AG;AG;Glu/Lys;CC;CC;AG;CT;GG;AA;71;36,5;10,3;12,2;19,8;91,3;5,3;52,0;7,1
250E;CC;AG;AG;Glu/Lys;CT;TT;AG;TT;CC;AA;74;32,5;7,6;13,1;19,3;42,0;5,8;46,3;6,0
251E;CA;AG;GG;Lys/Lys;CC;CT;GG;CT;CG;AC;56;27,5;7,7;13,6;14,1;53,2;8,8;22,4;7,4
252E;CA;AA;AA;Glu/Glu;CC;CC;AA;CC;CC;AA;60;31,4;9,1;11,8;6,9;96,7;5,6;61,6;7,3
253E;CA;AG;AA;Glu/Glu;CT;CC;AG;CT;CG;AA;52;34,1;9,0;13,7;16,8;46,6;5,7;60,1;6,5
254E;AA;AG;AG;Glu/Lys;CC;CC;AG;CC;CC;AA;57;37,8;9,8;12,4;;117,3;7,8;59,6;4,5
255E;CA;AG;AG;Lys/Lys;CC;CT;GG;CT;CG;AC;77;26,0;9,9;12,9;9,7;73,1;4,3;46,8;6,5
256E;CA;GG;AG;Glu/Lys;CC;CT;AA;CC;CC;AC;65;31,8;7,9;10,5;18,4;93,7;;32,6;7,0
257E;CA;AA;AA;Glu/Lys;CC;CT;GG;CT;GG;AA;72;23,0;11,3;10,9;24,5;;8,4;43,5;
258E;CC;AG;GG;Glu/Lys;CC;CT;GG;CT;CC;CC;49;37,6;11,2;12,3;5,8;133,3;5,9;44,2;6,8
259E;CC;GG;AG;Glu/Lys;CT;TT;AG;TT;CG;AA;63;22,9;9,9;12,8;14,6;108,9;7,0;60,9;4,3
260E;CA;AG;AA;Glu/Lys;CC;TT;AA;CC;CC;AC;65;23,3;11,6;14,0;10,2;113,6;7,5;53,4;7,1
261E;CA;AG;GG;Glu/Glu;CC;TT;AG;TT;CG;AC;65;21,7;8,4;10,6;8,0;82,9;7,1;54,6;7,0
262E;CA;AG;AG;Glu/Lys;CT;CC;AG;CT;CC;AA;70;23,9;10,0;13,0;16,7;61,3;6,0;19,8;8,6
263E;CA;AG;AG;Glu/Lys;CT;TT;GG;CT;CG;AA;71;33,3;9,0;11,7;20,0;117,6;5,3;54,8;8,5
264E;CA;GG;AG;Glu/Lys;CC;TT;GG;TT;CC;AA;59;26,8;7,9;10,9;14,0;105,3;7,8;73,5;6,2
265E;CA;AA;AG;Glu/Lys;CC;CC;AG;CC;CG;AA;37;37,1;9,0;12,5;9,2;74,6;6,7;62,0;5,3
266E;AA;AG;AA;Glu/Lys;CC;CT;AA;TT;CC;AA;68;40,9;11,3;12,0;11,8;35,5;5,1;28,1;5,0
267E;CA;AG;AG;Glu/Glu;CT;CT;AA;TT;CG;AA;58;27,5;11,1;13,3;6,2;96,0;8,3;34,1;7,6
268E;CA;AA;AA;Glu/Glu;CC;TT;AA;CC;CG;AA;60;28,2;8,9;9,9;11,6;49,4;6,2;42,8;7,8
269E;CC;GG;AG;Glu/Lys;CT;CT;AG;CC;CG;AA;64;22,8;8,3;11,3;13,8;101,5;7,6;56,7;6,8
270E;CA;AA;AG;Glu/Lys;CT;CC;AA;CC;CG;AA;58;27,5;8,6;13,4;14,5;109,9;6,4;78,8;6,1
271E;CA;AG;AA;Glu/Lys;CC;CT;GG;CT;CC;AA;66;23,6;10,4;11,4;16,4;66,0;4,8;25,8;6,7
272E;CC;AG;AG;Glu/Lys;CC;CC;AA;CC;CC;AC;70;23,8;7,9;11,2;;70,7;;56,5;8,0
273E;CC;AA;AA;Glu/Glu;CC;TT;AG;CT;CC;AA;69;29,9;9,6;11,8;18,2;100,9;7,7;48,4;8,1
274E;CA;AA;GG;Glu/Lys;CT;CT;AA;TT;GG;CC;55;36,6;10,1;;14,0;;4,1;52,7;7,4
275E;CA;AG;AG;Lys/Lys;CT;TT;GG;CT;CG;AC;76;25,6;9,4;14,3;12,4;55,4;9,9;25,5;7,2
276E;CA;AA;AG;Lys/Lys;CC;CT;AA;CC;CG;AC;61;30,4;8,8;12,4;17,4;71,8;4,4;20,9;5,8
277E;CA;AG;AG;Glu/Lys;CC;CC;AG;CT;CG;AC;61;35,9;7,6;11,8;6,5;125,7;8,1;47,2;6,8
278E;AA;AG;AG;Glu/Lys;CT;CT;AG;CC;GG;AA;72;40,4;10,9;13,4;12,9;71,3;8,6;;5,1
279E;CC;AG;AG;Glu/Lys;CC;CT;GG;CC;CC;AA;60;33,7;9,0;13,1;7,6;102,5;6,9;22,4;5,5
280E;CC;GG;AG;Glu/Lys;CT;CT;AG;CT;CG;AC;68;43,5;8,3;;13,2;87,3;6,1;34,4;7,4
281E;AA;AG;AG;Glu/Lys;CT;CC;AA;CT;CG;CC;57;27,1;9,7;13,8;;79,2;10,5;34,9;
282E;CA;GG;AG;Glu/Glu;CC;CC;AG;CC;CG;AC;70;27,7;8,5;14,5;19,6;86,9;5,1;33,7;7,3
283E;CA;AG;AG;Glu/Lys;CC;CT;AG;TT;CG;AA;59;41,8;8,9;11,8;15,0;84,6;8,4;49,8;5,5
284E;CA;AG;AG;Glu/Lys;CC;CT;AA;CC;CC;AC;75;30,5;9,2;13,1;10,8;73,5;11,1;24,9;8,4
285E;CA;AG;AG;Glu/Lys;CT;TT;AA;CT;CG;AC;63;29,3;11,4;13,9;11,7;150,2;9,3;55,3;7,3
286E;CA;AG;GG;Glu/Lys;CT;CT;AA;CT;CG;AA;60;22,4;9,4;11,6;20,0;133,0;5,6;31,3;6,1
287E;CA;AA;AG;Glu/Lys;CC;TT;AA;CC;CG;CC;70;31,7;9,7;12,4;5,8;131,5;8,6;40,8;7,8
288E;CA;AA;AG;Lys/Lys;CT;TT;GG;CC;CG;AA;61;32,2;10,4;13,6;6,4;96,0;8,3;56,8;6,3
289E;CC;AA;AG;Glu/Lys;CT;CT;GG;CT;CC;AA;37;25,6;8,0;13,3;13,7;123,7;4,7;61,2;7,5
290E;CC;GG;AG;Glu/Lys;CC;CT;AG;TT;CC;AA;56;35,1;6,9;13,3;5,3;113,0;5,9;38,4;5,0
291E;CA;AG;AG;Glu/Lys;CT;CT;AA;CC;CC;AA;63;36,4;10,7;12,8;5,5;110,2;4,2;23,2;6,5
292E;CC;GG;GG;Lys/Lys;CT;CT;AA;CT;CG;AC;38;20,5;8,3;12,1;22,4;64,1;5,4;37,9;4,0
293E;CA;AA;AG;Lys/Lys;CC;TT;AA;CT;CC;AC;66;36,1;9,7;12,8;;116,4;10,6;70,5;7,6
294E;CC;AG;GG;Glu/Lys;CT;TT;GG;CT;CC;AA;58;23,4;9,5;10,9;12,3;119,3;7,7;48,1;8,9
295E;CC;AG;AG;Glu/Lys;CC;CT;AG;CC;GG;AA;55;37,0;8,7;12,0;12,3;73,0;9,5;29,5;5,6
296E;CC;GG;GG;Glu/Lys;CC;CT;GG;CT;CC;AA;69;29,3;10,2;10,8;13,4;112,5;6,8;37,5;5,5
298E;CC;GG;AG;Glu/Lys;CC;CT;AA;CT;CC;AA;71;25,8;8,8;9,8;11,4;106,5;6,8;36,1;7,5
299E;CC;AG;GG;Glu/Lys;CC;CT;AA;CC;CG;AA;51;29,5;7,0;13,5;5,7;110,2;8,4;65,3;5,2
300E;CA;GG;AA;Lys/Lys;CC;CT;AA;CT;GG;AC;74;28,7;7,9;9,9;17,5;86,4;7,4;27,3;6,4
301E;CA;AG;AG;Glu/Glu;CT;CC;AA;CC;CC;AC;64;25,5;10,2;11,6;13,3;123,6;4,1;33,2;4,3
302E;CA;AG;AA;Glu/Lys;CT;CT;AG;CT;CC;AA;65;32,0;9,2;11,5;5,7;103,7;4,5;54,6;8,0
303E;CA;AG;AG;Glu/Glu;CC;CT;AA;CC;CC;AC;74;33,0;8,7;11,3;;63,5;5,3;32,8;4,6
304E;CA;AG;AA;Glu/Glu;CC;CC;AA;CT;CG;AC;68;30,2;10,4;12,9;11,2;92,7;7,1;38,9;6,3
305E;CA;AG;AG;Glu/Lys;CC;CT;AA;CT;CG;AA;65;28,9;9,8;10,7;17,3;107,3;10,5;48,0;
306E;CA;AG;AG;Glu/Lys;CC;CT;AA;TT;CC;AA;49;23,8;9,9;13,6;14,4;64,1;6,1;35,3;6,7
307E;CA;AA;AA;Glu/Lys;CC;TT;AG;CC;CG;AC;55;34,8;8,0;10,7;17,7;114,5;10,9;60,5;6,5
308E;CA;AG;AG;Glu/Lys;CT;CT;AG;CC;CG;AA;59;34,7;8,7;13,3;22,6;130,7;11,5;51,6;4,7
309E;CA;AG;GG;Lys/Lys;CT;CC;AA;CC;CG;AC;53;33,8;11,0;13,1;17,2;83,9;;32,0;6,0
310E;AA;AG;AG;Glu/Lys;CT;CT;AG;CT;CG;AC;60;29,8;10,3;12,7;15,8;103,7;7,8;43,4;6,5
311E;CC;GG;AG;Glu/Lys;CC;CC;AG;CT;CC;AA;53;29,1;9,4;13,9;23,8;;4,8;;7,3
312E;CA;AG;AG;Lys/Lys;CT;CT;AA;CT;CG;AA;51;34,8;8,0;12,8;20,1;63,8;7,5;24,3;5,7
313E;CA;AG;AG;Glu/Lys;CT;CT;AG;CT;CC;AC;59;36,1;8,9;12,3;12,6;138,6;7,0;55,6;6,3
314E;CC;GG;AG;Glu/Lys;CC;CT;AA;CT;GG;AC;75;26,1;9,3;14,3;15,9;108,3;9,3;54,8;8,0
315E;CC;AA;AG;Glu/Lys;CT;CT;AA;CT;CG;AA;52;33,7;11,5;9,7;13,4;68,6;6,3;47,8;6,6
316E;CC;AG;AA;Glu/Lys;CC;TT;GG;CC;CG;AA;64;36,0;8,5;13,7;11,3;136,7;8,7;63,1;7,1
317E;CC;AG;AG;Glu/Lys;CC;TT;AA;CT;CG;AC;67;32,1;7,9;10,9;5,3;93,8;6,1;;4,1
318E;AA;AG;AA;Glu/Lys;CT;CT;AG;CT;CC;AC;47;31,1;9,0;13,8;19,6;76,6;7,2;62,7;6,3
319E;CA;AG;AG;Glu/Lys;CC;CT;AA;CT;CC;AA;65;33,4;7,6;10,2;15,3;59,4;8,5;48,5;5,3
320E;CC;GG;GG;Glu/Lys;CC;TT;AA;CC;CC;AA;63;29,0;7,8;12,3;14,7;61,6;6,0;28,1;7,3
321E;CA;AA;AG;Glu/Lys;CC;TT;AA;CT;CG;AC;73;23,5;7,2;10,7;;94,1;10,0;66,0;7,1
322E;CA;GG;AG;Glu/Lys;CT;CC;AG;CC;CC;AA;47;34,9;6,6;12,0;13,1;129,3;10,8;66,0;6,1
323E;CA;GG;AG;Glu/Lys;CC;TT;AG;TT;CG;AA;42;32,5;10,8;12,9;15,7;103,8;7,8;44,2;8,2
324E;CA;AG;AG;Glu/Glu;CC;CC;AG;CC;CG;AC;58;36,3;9,6;11,2;13,7;92,8;7,6;48,7;8,7
325E;CA;GG;AA;Glu/Lys;CT;CT;AG;CT;CG;AA;59;28,9;8,6;11,2;10,4;128,4;7,9;46,6;9,0
326E;CA;AG;AA;Lys/Lys;CC;CT;AG;CT;CG;AC;59;35,7;9,7;12,0;12,3;72,3;11,2;60,1;5,1
327E;CA;AA;AA;Glu/Lys;CC;CC;AG;CT;CC;AA;65;36,2;9,8;10,7;15,1;77,3;;59,5;5,7
T1;CC;AA;AG;Glu/Glu;CT;CC;AA;CC;CC;AA;65;40,4;7,6;11,8;11,4;65,7;6,9;20,9;5,4
T2;CA;GG;AA;Glu/Glu;CT;CC;AA;CC;CG;AA;75;30,5;6,7;10,9;16,0;69,8;4,4;63,2;5,9
T3;CC;GG;GG;Glu/Glu;CT;TT;AA;TT;CC;AA;69;23,9;11,5;13,1;15,1;91,5;8,3;60,9;7,8
T4;CC;AG;AG;Glu/Glu;CC;CT;AG;CC;CC;AA;65;28,6;8,6;;12,7;111,7;8,0;37,8;5,8
T5;CA;AG;AA;Lys/Lys;CT;TT;AA;CT;CG;CC;50;29,0;10,1;9,1;10,8;125,5;6,3;;6,6
T6;CA;AA;AG;Glu/Lys;CC;CT;AA;CT;CC;AC;44;28,0;8,8;9,4;14,4;30,7;7,4;40,8;6,7
T7;CA;AA;AG;Glu/Glu;CT;CT;GG;CT;CG;CC;57;42,1;10,7;14,4;15,7;130,3;8,8;50,6;8,8
T8;CC;AG;AA;Glu/Glu;CC;TT;AA;CT;CC;AA;71;25,0;9,8;;14,9;109,4;8,2;49,7;7,4
T9;CA;AG;AG;Glu/Lys;CC;TT;GG;TT;CG;AA;43;32,5;8,0;10,1;10,3;53,8;8,2;61,8;8,5
T10;CA;AG;AG;Lys/Lys;CT;CC;AG;CT;CG;AC;73;25,7;8,3;12,4;12,6;107,4;8,8;43,2;4,8
T11;AA;AA;AA;Glu/Glu;CC;CC;AA;CT;CC;AA;74;30,2;7,0;13,2;10,2;100,3;5,8;72,0;7,6
T12;CA;AA;GG;Glu/Lys;CC;TT;AA;CT;CC;AA;68;30,7;9,8;11,5;23,8;119,5;6,0;57,0;7,8
T13;CA;AG;AG;Glu/Glu;CC;CT;AG;CT;CG;AC;64;32,1;9,7;10,8;8,4;96,2;7,3;56,2;7,7
T14;CA;AG;GG;Lys/Lys;CT;CC;GG;CT;CC;AA;47;35,2;10,0;11,9;7,8;130,6;4,9;20,8;7,3
T15;CA;AG;AG;Glu/Lys;CT;CT;AG;CC;CC;AA;44;32,5;7,8;13,5;8,0;125,0;;74,8;7,2
T16;CA;AA;AG;Glu/Glu;CC;CT;AG;TT;CC;AA;57;28,3;9,9;14,4;14,3;116,6;9,3;61,0;6,4
T17;CA;AG;AG;Lys/Lys;CC;CT;AA;CT;CG;CC;65;34,8;8,4;10,2;18,8;106,1;7,6;56,7;8,9
T18;CA;AG;AA;Lys/Lys;CT;CT;AA;CT;CC;AA;55;24,9;9,0;13,1;23,8;61,1;5,4;48,2;8,3
T19;CC;GG;GG;Lys/Lys;CC;CC;AA;CT;CC;AA;47;37,5;7,7;11,0;9,4;131,2;7,1;42,9;8,1
T20;CC;GG;AA;Glu/Lys;TT;CT;AA;CC;CG;AC;63;24,2;8,2;14,5;17,3;122,5;5,5;64,9;8,0
T21;AA;AG;AA;Glu/Glu;CC;CC;AA;CC;CC;AC;69;37,7;8,6;12,0;;;6,9;38,8;7,2
T22;CA;AA;AG;Lys/Lys;CT;TT;AG;CC;CC;AC;50;25,5;7,2;14,0;17,9;90,8;4,8;38,8;5,6
T23;CA;AA;AG;Glu/Lys;CC;CT;AA;CT;CC;AC;55;28,9;11,1;14,5;7,9;78,8;;19,6;7,3
T24;CA;AG;AG;Glu/Lys;CC;CT;AA;TT;CC;AA;42;36,6;9,3;12,3;6,4;93,9;9,4;50,8;4,1
T25;AA;AG;AA;Glu/Lys;CC;CT;GG;CT;CC;AA;59;20,9;9,0;10,3;;87,8;;21,7;5,7
T26;CA;AG;AA;Glu/Lys;CC;TT;AG;CT;CG;CC;62;28,0;11,3;12,7;9,5;95,3;;29,0;6,3
T27;CC;AA;AA;Glu/Lys;CC;CC;AA;CT;CG;AC;46;29,6;9,4;13,8;23,9;62,5;7,6;64,2;7,3
T28;CA;AG;AG;Glu/Lys;CT;CT;AG;CC;CG;AC;66;24,9;8,8;13,1;5,3;48,9;5,5;37,2;7,8
T29;CA;AG;AA;Glu/Lys;CC;CT;AA;CC;CC;AA;57;35,0;10,5;10,9;20,5;104,4;10,1;29,2;5,1
T30;CA;AG;AG;Glu/Lys;CC;TT;AA;CT;CC;AA;64;29,8;8,8;13,1;6,7;92,3;8,3;30,5;7,1
T31;CA;AG;GG;Glu/Glu;CC;CT;AG;CT;CC;AA;67;37,8;11,1;10,5;17,0;70,6;8,4;37,4;6,8
T32;CA;AG;GG;Glu/Lys;TT;TT;AA;CT;CG;AA;65;31,6;11,0;13,5;19,5;119,7;9,4;76,8;7,9
T33;CA;AG;GG;Glu/Lys;TT;CT;GG;CC;CC;AA;35;24,8;8,0;11,8;21,5;157,4;7,4;23,4;5,4
T34;CC;AG;AA;Lys/Lys;CC;CC;GG;CT;CG;CC;77;31,3;8,4;11,7;6,3;142,9;8,9;26,6;5,2
T35;CC;AA;GG;Lys/Lys;CC;TT;AG;CT;CG;AA;52;24,7;9,1;13,3;23,4;127,5;10,7;41,6;6,2
T36;CC;AG;AG;Glu/Glu;CT;TT;AA;CT;CG;CC;44;35,2;8,0;11,1;12,9;109,5;6,0;54,0;5,4
T37;AA;GG;AA;Lys/Lys;CC;CC;GG;CT;CG;AC;60;32,3;10,4;13,6;19,9;111,0;7,5;33,6;8,0
T38;CC;AA;GG;Glu/Lys;CC;CC;GG;CT;CG;AA;77;24,1;9,3;13,4;9,5;122,3;8,3;58,6;
T39;CA;AA;AG;Glu/Lys;CC;TT;AA;CT;CC;AC;67;31,3;11,9;13,7;6,8;85,1;4,4;47,6;7,9
T40;CC;GG;AG;Glu/Glu;CT;CT;AA;CC;CC;AA;76;39,7;12,0;11,9;9,0;78,9;4,0;55,7;5,8
T41;CA;AG;GG;Glu/Lys;CC;CT;AA;CT;CG;AA;67;26,0;8,0;11,8;20,6;98,4;11,1;44,3;6,7
T42;CA;AA;GG;Glu/Lys;CC;TT;AA;CT;CC;AA;75;31,6;9,9;12,5;19,3;103,6;8,5;46,9;5,2
T43;CC;AG;GG;Lys/Lys;CT;TT;AA;CT;CG;AC;62;24,9;10,6;12,7;16,8;98,5;4,7;18,5;6,0
T44;CC;AA;AG;Lys/Lys;CT;CC;AG;TT;CC;AA;61;25,3;7,2;;7,4;88,4;8,9;59,9;4,6
T45;AA;GG;AA;Glu/Glu;CC;TT;AG;CT;CG;AA;66;41,6;7,1;11,3;10,1;;4,0;27,7;6,5
T46;CA;AG;AG;Lys/Lys;CT;CT;AA;TT;CG;AA;49;30,0;11,7;11,9;20,1;59,6;9,8;25,4;6,1
T47;CC;AG;AG;Glu/Lys;TT;CT;AG;CT;CG;AC;55;23,2;8,0;12,4;15,2;60,1;8,5;68,2;7,0
T48;CA;AG;AA;Glu/Lys;CT;CT;GG;CT;CG;AC;68;32,6;11,3;14,2;20,3;76,3;7,9;23,5;8,0
T49;CA;AG;AG;Glu/Lys;CC;CC;GG;CT;CG;CC;52;29,4;9,8;14,0;8,8;116,1;4,2;52,0;5,1
T50;CC;AG;GG;Lys/Lys;CT;TT;AG;CT;CG;AC;55;22,9;8,3;12,4;12,3;150,7;7,7;45,9;6,7
T51;CA;AG;AG;Lys/Lys;CT;CC;AA;CC;CC;AC;57;28,2;9,8;11,5;14,3;78,1;5,5;64,0;7,4
T52;CA;GG;AG;Lys/Lys;CC;CT;AG;CT;CG;AA;76;28,8;9,0;14,5;12,4;34,0;9,0;64,5;6,5
T53;CC;GG;AG;Lys/Lys;CT;CT;GG;CT;CC;AA;43;38,7;9,5;8,4;16,7;55,3;6,3;39,8;7,9
T54;CC;AA;AG;Glu/Glu;CT;TT;AG;CT;CC;AA;66;40,4;6,6;11,5;12,3;51,1;6,2;53,7;7,1
T55;AA;AA;GG;Lys/Lys;CC;CT;AA;CC;CG;AC;61;36,1;9,6;11,0;;70,0;5,3;52,1;6,6
T56;CA;AG;AG;Lys/Lys;TT;CT;AG;CT;CG;AC;60;26,9;9,2;13,3;7,1;73,0;7,8;71,9;5,8
T57;CA;GG;AG;Glu/Lys;CT;CC;AA;CT;CC;AA;58;29,3;9,3;11,6;6,8;55,5;11,5;31,5;5,4
T58;CA;AG;AG;Glu/Lys;CT;CT;AA;CC;CG;AA;50;30,0;8,6;10,5;21,2;108,1;;15,9;
T59;CA;AA;AG;Glu/Glu;CC;CC;GG;TT;CC;CC;62;36,2;11,7;11,7;21,5;;7,1;22,4;4,9
T60;CC;AG;AA;Glu/Lys;CT;CT;AA;CT;CG;AA;67;25,1;9,8;10,1;18,5;131,9;5,8;26,7;6,8
T61;CC;AG;AG;Glu/Lys;CC;CT;AA;CT;CC;AC;66;31,2;7,2;9,9;19,0;41,2;9,2;46,6;8,2
T62;CA;GG;AG;Glu/Lys;TT;TT;GG;TT;CG;AA;74;44,5;8,7;11,3;9,8;62,4;8,2;21,0;7,8
T63;CC;AA;AA;Glu/Glu;CC;CT;AA;CT;CG;AA;53;32,9;7,5;14,2;11,1;110,1;6,0;31,6;5,2
T64;CC;AA;GG;Lys/Lys;CC;CT;AG;CT;CC;AA;38;31,0;9,5;14,3;16,8;86,6;6,5;33,0;8,9
T65;CC;AG;AG;Glu/Lys;CT;CC;AA;CC;CG;AC;42;32,5;10,9;10,7;24,1;102,1;5,7;52,0;8,7
T66;CA;AA;AG;Lys/Lys;CT;CC;GG;TT;CC;AC;72;24,8;11,1;14,1;12,4;71,3;11,9;50,4;7,6
T67;CA;AG;AG;Glu/Lys;TT;CC;AA;TT;CC;AA;59;32,9;11,9;11,4;15,8;124,7;10,0;67,5;7,7
T68;CA;AG;GG;Glu/Glu;CC;CT;AA;CC;CC;AC;62;25,1;10,3;11,4;10,9;40,4;8,6;68,2;6,4
T69;CA;AG;AA;Glu/Lys;CC;CT;AA;CT;CG;AC;64;25,1;6,9;11,5;21,3;78,8;5,6;65,7;6,4
T70;CA;AG;AG;Lys/Lys;CC;CC;AA;CT;CG;AA;46;30,4;9,7;10,4;19,3;118,3;7,5;38,9;8,2
T71;CA;AG;AG;Glu/Glu;CT;TT;AG;CC;CC;AA;64;34,1;6,9;10,2;15,7;55,2;5,4;22,2;6,6
T72;CA;AA;AG;Glu/Lys;CC;CT;AG;TT;CC;AA;63;31,0;10,3;;21,1;66,1;6,8;34,7;5,3
T73;AA;GG;AG;Glu/Lys;CC;TT;AG;CC;CC;AA;67;32,3;8,3;11,9;;82,5;6,9;26,9;8,3
T74;CA;GG;AG;Glu/Lys;CT;CC;AG;CT;CC;AC;54;34,0;11,2;10,1;17,6;98,3;11,3;73,1;6,6
T75;CA;AG;AG;Lys/Lys;CC;TT;AA;CT;CC;AC;62;26,7;11,5;14,6;11,4;114,6;11,9;64,9;8,1
T76;CA;GG;AG;Glu/Lys;CT;CT;AG;CT;CC;AC;54;20,9;9,6;9,3;9,1;45,0;4,1;70,0;5,1
T77;CA;GG;GG;Lys/Lys;TT;CC;AA;CT;CG;AC;66;32,9;9,3;11,6;24,3;88,9;7,4;17,7;5,3
T78;CA;GG;AA;Glu/Lys;CC;CC;AG;CC;CC;AA;61;29,6;9,5;10,7;7,6;47,0;7,2;60,8;4,6
T79;CA;AG;AA;Glu/Lys;CT;TT;AG;CC;CC;AA;61;26,9;8,6;13,0;;98,5;4,9;51,7;8,5
T80;CC;GG;AG;Glu/Glu;CT;CT;AA;CT;CC;AA;52;31,9;9,9;13,7;14,3;86,4;8,0;43,2;6,3
T81;AA;AG;AG;Glu/Lys;CT;TT;AG;CC;CC;AC;64;30,3;9,6;13,4;10,2;59,1;4,9;57,9;7,9
T82;CC;AA;AG;Lys/Lys;CC;CT;AA;CC;CC;AC;66;38,0;9,8;11,8;6,9;143,5;10,4;72,1;8,1
T83;CC;GG;AG;Glu/Lys;CT;TT;AA;CT;CC;AA;68;28,6;7,7;14,3;9,8;100,3;6,4;64,8;7,4
T84;CC;AG;AG;Glu/Lys;CT;CC;AA;CT;CC;AA;68;37,3;12,0;11,7;22,5;116,7;6,5;42,8;7,4
T85;CC;AG;AA;Glu/Lys;CC;CT;AA;TT;CG;AC;68;20,5;10,0;11,7;22,9;97,9;5,5;60,9;5,2
T86;CA;AG;AA;Glu/Lys;CT;TT;AG;CT;CC;AC;36;22,9;11,0;13,2;21,0;99,0;11,8;57,8;7,9
T87;CA;AA;AA;Glu/Lys;CC;CT;AA;TT;CC;AA;56;21,6;7,7;13,5;8,6;99,4;6,1;70,6;7,7
T88;CA;AG;GG;Lys/Lys;CC;TT;AG;CT;CC;AA;75;35,9;8,4;11,5;21,3;64,9;5,5;79,7;6,4
T89;CA;GG;AG;Lys/Lys;TT;CT;AA;CT;CG;AA;63;31,6;7,1;9,1;16,7;129,8;9,1;54,1;5,5
T90;CA;AA;AG;Glu/Lys;CT;CC;AA;CT;CG;AC;67;28,3;11,0;10,1;19,9;89,6;10,3;47,2;6,3
T91;CC;AG;AA;Glu/Glu;CC;CT;AA;CT;CC;CC;60;32,6;8,8;14,0;10,3;122,0;;;8,2
T92;CC;GG;AG;Glu/Lys;CT;CC;AA;CC;CG;AC;52;28,8;11,7;13,3;17,9;101,8;10,9;56,9;6,2
T93;CC;AG;AA;Lys/Lys;CC;CT;AA;CT;CC;AA;59;37,6;10,1;13,5;;63,0;4,0;42,0;4,4
T94;CC;AG;AG;Lys/Lys;CC;CT;GG;CC;CC;AA;47;32,6;8,7;10,2;16,5;104,1;10,3;23,3;5,2
T95;AA;GG;AG;Glu/Glu;CC;CT;AG;CT;CC;AA;49;31,6;7,3;12,3;10,5;106,7;7,0;60,4;7,9
T96;CC;AG;AA;Glu/Lys;TT;TT;AA;CT;CG;AA;34;36,8;12,1;13,6;16,9;126,2;8,5;60,0;8,3
T97;CA;AG;AG;Glu/Glu;CT;CT;AA;CC;CC;AA;74;31,3;8,2;11,7;23,3;87,2;6,5;58,6;7,3
T98;CA;AG;AG;Lys/Lys;CC;TT;AG;CT;CC;AC;58;32,8;10,0;9,8;23,7;92,1;5,0;32,9;7,2
T99;CC;AG;AG;Glu/Lys;CT;CT;AA;TT;CC;AC;50;34,4;9,2;10,9;5,0;87,2;8,3;62,7;
T100;CA;GG;AG;Glu/Glu;CT;TT;AG;CT;GG;AA;66;24,3;7,9;;17,5;89,7;8,9;50,4;7,2
T101;CC;AG;AG;Glu/Lys;TT;CC;AA;CT;CG;CC;57;24,2;8,1;12,4;16,9;68,2;5,0;61,1;5,7
T102;CA;AG;AA;Glu/Lys;CT;TT;AA;CT;CC;AC;54;34,3;10,0;12,6;15,8;114,1;6,3;68,4;7,3
T103;AA;GG;AG;Glu/Lys;CC;CT;GG;CT;CG;AA;63;45,4;8,5;11,0;21,3;85,2;8,4;42,9;8,2
T104;CC;AG;AG;Glu/Lys;CT;CT;AG;CC;CG;AC;42;25,2;8,7;12,0;;70,9;6,5;28,3;6,2
T105;CC;GG;GG;Glu/Lys;CT;TT;AA;CT;GG;AA;60;20,0;7,6;11,8;16,5;134,2;4,4;39,0;6,7
T106;CA;AA;GG;Glu/Lys;CC;TT;AA;CC;CG;AA;62;28,8;10,0;11,2;15,6;110,0;7,1;;8,6
T107;CA;GG;GG;Lys/Lys;CC;CT;GG;CT;CG;AC;41;36,3;10,1;9,6;17,7;94,0;10,1;60,1;8,7
T108;CC;AG;AG;Glu/Glu;CC;CT;AG;CT;CG;AC;69;31,8;9,2;13,2;21,5;104,0;6,4;41,5;4,4
T109;CA;AG;AG;Glu/Lys;CT;CT;AG;CT;CG;AA;36;39,5;11,7;11,9;11,0;153,7;;44,0;4,5
T110;CA;AA;AG;Lys/Lys;CC;CT;GG;CT;CG;AA;61;36,1;11,1;9,5;6,1;;8,5;43,3;7,3
T111;CA;AG;AG;Glu/Lys;CC;TT;GG;CT;CC;AA;66;23,5;8,7;11,2;17,7;103,2;7,0;36,3;4,4
T112;CC;AA;GG;Lys/Lys;CC;TT;AG;CT;CG;AC;76;23,8;8,7;14,5;9,3;127,4;9,9;60,0;7,8
T113;CC;AA;AG;Glu/Lys;CC;CT;AA;TT;CG;AA;72;28,1;10,6;9,9;16,6;54,9;8,0;57,5;5,6
T114;CA;AA;GG;Glu/Lys;CC;CC;AA;TT;CG;AA;46;27,8;8,4;11,4;17,8;123,2;11,8;47,3;4,7
T115;CA;AG;AG;Glu/Lys;CT;CT;AA;CT;CG;AC;76;24,2;8,7;13,0;17,2;48,9;6,4;72,9;7,9
T116;CA;AG;AA;Lys/Lys;CC;TT;AA;CC;CG;AA;65;33,9;9,0;12,2;22,3;116,3;5,2;30,9;4,8
T117;CA;AG;AA;Glu/Glu;TT;TT;GG;CT;CC;AA;49;41,0;8,8;11,4;14,2;105,9;9,2;46,9;5,2
T118;CA;GG;AG;Lys/Lys;CC;CT;AG;CT;CC;AA;71;34,1;11,4;11,5;11,1;132,0;;47,8;4,2
T119;CA;AA;AG;Glu/Lys;CC;CC;AA;CT;CC;AA;58;32,6;12,0;13,3;17,5;87,1;5,0;69,2;8,2
T120;CA;AG;GG;Glu/Lys;CT;CT;AG;CT;CG;AC;71;25,8;11,1;11,3;11,3;112,2;8,2;43,9;7,8
T121;CA;GG;AG;Lys/Lys;CC;CT;AA;CC;CC;CC;72;26,7;7,6;11,6;13,8;157,0;7,8;32,0;6,6
T122;CA;AG;GG;Glu/Lys;CT;CT;AG;CC;CC;AA;74;23,7;9,8;14,6;24,3;114,2;7,7;56,3;8,5
T123;CA;AG;AG;Glu/Lys;CT;TT;AG;CC;CC;AA;70;23,7;8,8;12,3;20,1;48,3;5,7;44,3;8,2
T124;CC;AA;AA;Lys/Lys;CT;CC;AG;CT;CG;AA;51;34,0;10,8;11,6;22,1;49,3;6,8;67,3;6,9
T125;CA;AA;AG;Glu/Lys;CC;CT;GG;CT;CC;AC;68;26,9;10,5;13,2;21,4;157,2;6,0;63,7;5,7
T126;CA;AG;GG;Lys/Lys;CC;TT;AA;CT;CG;AA;50;21,6;10,1;10,3;12,8;;7,2;57,3;8,5
T127;CC;AG;AG;Lys/Lys;CC;CT;AA;TT;CG;AC;58;36,2;11,5;11,9;20,4;87,9;7,4;73,9;5,0
T128;CC;GG;AG;Lys/Lys;CC;TT;GG;TT;CC;AC;57;23,6;8,1;14,4;;104,7;8,7;69,2;5,0
T129;CA;AG;AG;Glu/Lys;CT;TT;AA;CT;CG;CC;37;32,7;8,1;12,9;10,9;115,4;;35,6;5,8
T130;CC;AG;AA;Lys/Lys;CT;TT;AG;CC;GG;AA;52;28,3;6,9;12,1;17,6;83,9;9,6;;4,3
T131;CA;GG;AA;Glu/Lys;CT;CT;AG;CC;CC;AC;73;33,4;8,5;;9,4;141,1;8,6;45,0;8,4
T132;CA;AG;GG;Glu/Lys;CT;TT;AA;TT;CC;AA;38;30,5;8,0;10,9;22,6;124,8;9,1;43,4;6,8
T133;CA;GG;AA;Glu/Glu;TT;TT;AG;CT;CG;AC;64;30,2;10,1;11,7;17,1;93,3;10,2;59,8;5,8
T134;CA;AA;AA;Glu/Glu;TT;CT;AG;TT;CC;AA;63;32,2;8,2;13,9;9,2;122,6;6,2;34,5;8,2
T135;CC;AG;AG;Glu/Lys;CT;TT;AG;CT;CC;AA;72;40,6;8,1;13,3;22,9;130,8;5,9;56,5;7,6
T136;CA;AA;GG;Glu/Glu;CC;TT;GG;CC;CG;CC;58;27,0;8,4;10,8;11,3;35,0;5,7;76,2;
T137;CA;AG;AG;Glu/Lys;CC;CT;AA;CC;CC;AA;75;28,7;11,1;14,3;12,5;100,4;4,8;39,9;8,4
T138;CC;AG;AG;Lys/Lys;CC;TT;AA;CT;CG;AC;39;22,1;8,1;13,7;23,4;126,4;8,0;53,1;4,6
T139;CC;AA;AG;Glu/Glu;CC;CT;AG;CC;CC;AC;58;33,2;9,7;10,8;21,1;137,0;6,7;73,6;7,8
T140;CA;AA;AG;Lys/Lys;TT;CT;AA;CT;CG;AC;48;32,5;8,0;;18,8;41,8;7,0;41,2;6,3
T141;AA;AG;GG;Glu/Lys;CT;TT;AA;CT;CC;AA;67;32,0;8,7;12,0;14,7;84,7;7,3;25,2;8,1
T142;AA;AG;GG;Glu/Glu;CC;CC;AA;CT;GG;AA;75;32,3;9,5;14,3;12,4;81,3;6,3;40,4;7,8
T143;CA;AG;AA;Glu/Glu;CC;CC;AA;CC;CC;AC;70;26,3;8,4;10,9;;96,4;7,8;61,7;4,7
T144;CC;AG;AG;Glu/Lys;CC;CT;AA;CT;CG;AA;65;25,2;8,2;11,1;19,4;126,6;9,5;31,0;8,5
T145;CA;AG;AA;Lys/Lys;CT;TT;AG;CT;CC;AA;53;30,1;11,4;11,8;10,8;143,6;5,4;26,1;7,2
T146;CA;AG;GG;Glu/Lys;CC;CT;GG;CC;CG;AC;68;36,0;9,8;11,0;;52,0;4,6;65,1;6,1
T147;CA;AG;AG;Glu/Lys;CC;CT;AA;CC;CG;AC;66;27,2;9,2;9,2;5,8;103,4;5,3;24,8;8,6
T148;CC;AG;AG;Lys/Lys;CT;TT;GG;TT;CG;AA;60;33,1;10,3;12,8;14,3;136,5;6,9;61,6;5,7
T149;CC;AA;AG;Lys/Lys;CC;CT;AG;CC;CG;AA;60;25,0;9,7;12,1;12,1;100,3;8,0;55,6;6,3
T150;AA;AG;AG;Glu/Glu;CC;TT;AA;CT;CC;CC;53;23,1;9,9;12,0;23,2;105,0;6,7;23,3;6,4
T151;CA;AA;AA;Glu/Lys;CC;CT;AA;CT;CC;AA;51;31,8;7,0;13,1;19,1;100,6;6,8;57,0;6,2
T152;CC;AG;GG;Glu/Lys;CC;CC;GG;CC;CC;CC;46;29,4;9,6;12,3;9,3;84,7;7,7;56,6;7,1
T153;CC;AG;AA;Glu/Lys;CT;TT;AA;TT;CC;AA;76;29,3;7,1;9,3;17,7;89,2;5,6;38,1;7,7
T154;CC;AG;GG;Lys/Lys;CT;TT;GG;CC;CC;CC;66;36,1;8,5;14,2;5,4;123,7;8,2;;7,3
T155;CA;AG;AG;Lys/Lys;CT;CC;AA;CT;CG;AA;75;35,9;12,0;11,6;18,3;110,1;8,0;71,7;7,9
T156;CC;AG;AG;Glu/Lys;CC;TT;AG;CC;CC;AA;45;30,6;10,0;12,2;18,1;136,4;7,3;46,2;5,1
T157;CA;AG;AA;Lys/Lys;CT;CT;AA;CT;CC;AA;55;33,6;11,2;10,7;14,1;128,9;5,7;30,1;6,6
T158;CA;AG;AG;Glu/Lys;CC;TT;AG;CT;CG;AA;62;32,6;9,5;12,9;18,9;109,5;8,6;45,0;6,4
T159;CA;AG;AA;Glu/Glu;CC;CT;AG;CT;CC;AC;36;31,9;10,5;14,2;20,7;132,5;6,2;40,5;8,9
T160;CA;AG;GG;Glu/Lys;CC;CT;AG;CC;CG;AA;50;39,9;9,6;11,1;14,3;144,1;7,7;44,1;6,0
T161;CC;AG;AG;Glu/Lys;CC;TT;AG;CT;CG;AA;73;22,5;11,1;12,1;22,2;67,7;7,3;32,8;6,1
T162;CA;AA;AG;Glu/Glu;CC;CT;AG;CC;CG;AA;64;34,2;9,2;;24,4;75,1;9,5;53,6;5,8
T163;CC;AG;AG;Glu/Lys;CC;CT;AG;CT;CC;AA;66;35,0;10,8;12,4;;96,7;5,8;66,0;8,8
T164;CA;AG;AG;Glu/Lys;CC;TT;GG;CT;CC;AA;69;31,5;9,4;12,0;9,7;119,6;8,7;47,3;4,1
T165;CA;AG;GG;Glu/Lys;CT;TT;GG;CC;GG;AC;48;27,9;10,6;10,2;14,9;97,6;8,2;57,5;6,5
T166;CA;AA;GG;Glu/Lys;CC;CT;GG;CC;CG;AC;45;23,5;9,1;13,0;13,7;61,1;8,2;25,1;7,1
T167;CC;AG;AG;Lys/Lys;CC;TT;AG;CC;CC;AA;68;36,9;9,6;13,3;13,3;92,3;6,9;51,8;6,0
T168;CA;AG;AA;Glu/Glu;CC;TT;AG;CT;CG;AC;73;24,6;11,2;12,0;;79,4;6,2;65,6;6,3
T169;CA;AG;AG;Glu/Lys;CT;TT;AA;CC;CG;AA;77;27,6;9,1;11,6;19,6;93,8;6,2;60,7;7,9
T170;CC;GG;AG;Glu/Glu;CT;CC;AG;CT;CC;AA;51;20,6;9,0;13,4;20,8;145,7;5,0;77,7;6,6
T171;CA;GG;AG;Glu/Lys;CC;TT;AA;CC;CC;CC;60;29,0;9,2;13,2;15,3;125,3;10,0;76,8;8,0
T172;CA;GG;AG;Glu/Lys;TT;TT;AG;CT;CC;AC;65;23,7;11,4;11,1;22,5;95,2;10,5;57,1;7,6
T173;CA;AA;AG;Lys/Lys;CT;CT;AG;CC;CG;AC;76;25,4;10,7;12,3;11,5;117,4;4,2;53,1;9,0
T174;AA;AG;GG;Lys/Lys;TT;CT;AG;TT;CG;AC;62;30,1;9,3;10,7;11,3;114,7;9,2;38,9;6,8
T175;CA;AG;GG;Glu/Lys;CC;TT;GG;CC;CC;AC;60;31,2;8,1;12,9;23,5;122,6;8,1;59,6;8,5
T176;AA;AG;AG;Glu/Lys;CT;TT;AG;CC;CG;AA;58;31,2;11,0;13,7;5,7;82,3;5,8;54,4;8,1
T177;CA;AG;GG;Glu/Lys;TT;TT;AG;TT;CC;AA;54;32,6;7,0;10,3;;92,1;7,2;55,3;7,8
T178;CA;AG;AG;Glu/Lys;CC;CT;AA;TT;GG;AA;67;34,1;9,7;;11,4;81,6;6,5;37,2;8,3
T179;CA;AG;GG;Glu/Lys;CC;CT;AG;CT;CC;AC;74;28,9;10,0;11,9;20,1;54,6;4,1;55,2;6,8
T180;CA;AG;AG;Lys/Lys;CT;TT;AG;CT;CG;AA;54;29,0;10,0;13,4;14,3;70,4;6,7;37,3;5,3
T181;CA;AG;AG;Glu/Lys;CC;CT;GG;CT;CC;AC;59;33,7;7,1;8,6;10,4;58,7;5,0;36,1;6,0
T182;CC;AG;AA;Lys/Lys;CT;TT;AA;CC;CC;AC;54;32,6;10,7;9,8;17,1;71,4;8,3;17,6;5,1
T183;CA;AA;AG;Glu/Lys;CC;CT;GG;CT;GG;AC;69;36,1;11,6;14,2;12,9;122,9;10,6;54,1;7,5
T184;CA;AG;GG;Glu/Lys;CT;CC;AG;CT;CG;AA;51;29,6;8,2;10,7;7,1;36,9;8,8;62,1;7,0
T185;CA;AG;AG;Glu/Lys;CT;TT;AA;CT;CC;AA;69;24,9;8,9;13,1;20,6;54,0;9,9;60,2;5,4
T186;CC;AG;AG;Glu/Lys;CT;CT;AA;TT;CC;AA;66;28,9;11,2;12,0;18,8;153,3;5,4;69,6;7,4
T187;CC;AG;AA;Lys/Lys;CC;CT;AG;CC;CC;AA;72;28,8;9,0;13,8;20,1;79,8;9,6;41,0;7,1
T188;CC;AA;AG;Lys/Lys;CT;CT;AA;CC;CG;AA;63;29,3;11,2;13,9;15,3;75,8;6,7;25,6;7,8
T189;CA;AG;AG;Glu/Lys;CT;CC;GG;CT;CC;AA;66;35,8;9,2;9,0;8,6;81,3;6,7;52,4;6,6
T190;AA;AA;AG;Glu/Lys;TT;CC;AG;TT;CG;AA;75;34,7;10,9;12,0;19,6;108,0;4,9;35,0;4,7
T191;CA;AG;AA;Glu/Lys;CT;CT;AG;TT;CC;AA;43;30,5;10,2;9,2;17,9;126,6;8,3;20,0;6,9
T192;AA;AG;AA;Lys/Lys;CC;TT;AA;CT;CC;AA;51;30,7;7,5;12,1;18,0;46,4;6,7;32,0;7,2
T193;CA;AG;AG;Glu/Lys;CT;TT;AG;CT;CG;AA;66;33,8;9,5;13,4;11,4;51,6;5,8;50,0;7,5
T194;CA;AA;GG;Glu/Lys;CT;CT;AG;CT;CC;AA;34;39,1;8,6;11,6;14,4;50,0;5,0;51,7;6,6
T195;CC;AG;AG;Glu/Lys;CT;CT;AG;CT;CC;CC;37;30,2;9,0;12,0;14,3;159,9;8,2;68,3;
T196;CA;AG;AG;Glu/Lys;CT;CT;AA;TT;CG;AA;77;20,2;10,3;12,7;24,3;108,0;10,7;75,9;7,4
T197;CA;AG;GG;Lys/Lys;CC;CT;AG;CC;GG;AC;53;31,5;9,2;;23,3;128,2;8,8;;6,9
T198;CC;AA;GG;Glu/Lys;CT;CT;AA;CC;CC;AA;40;27,9;11,9;10,2;17,9;92,1;;73,9;6,3
T199;CA;AG;AG;Lys/Lys;CT;CT;AG;TT;CG;AA;41;36,5;8,2;11,9;12,1;88,0;4,6;37,6;
T200;CC;AG;AG;Glu/Lys;TT;CC;AA;CC;CG;AA;42;25,9;9,7;12,9;13,4;70,2;8,2;55,5;9,0
T201;CC;AG;AG;Glu/Lys;TT;CT;AG;TT;CG;AA;62;27,6;9,6;12,6;23,9;67,3;10,0;30,5;4,9
T202;CC;AG;AG;Glu/Lys;CC;TT;GG;TT;CC;AA;47;20,9;9,7;14,0;24,8;65,3;6,7;56,2;5,4
T203;CA;AG;AG;Lys/Lys;CC;CC;AA;CC;GG;AA;52;24,9;9,8;12,2;;135,1;7,0;56,3;
T204;CC;AA;AG;Glu/Lys;CC;TT;AG;CC;CC;AC;36;37,2;9,5;10,9;24,1;110,6;10,9;32,2;6,2
T205;CA;GG;GG;Glu/Lys;CC;CC;GG;CT;CC;AC;54;23,4;8,6;11,8;14,4;106,5;10,3;41,1;4,8
T206;CA;AG;AG;Glu/Lys;CC;CT;AG;CC;CG;AA;71;32,1;8,9;11,6;9,6;50,5;9,8;52,0;4,7
T207;CC;AA;AG;Glu/Lys;TT;TT;AG;CC;CG;AA;62;25,8;10,1;11,7;14,9;73,5;7,2;44,2;5,0
T208;CC;AA;AG;Glu/Lys;CC;TT;GG;CT;GG;AC;52;32,9;8,7;10,8;20,5;146,4;8,9;18,7;7,5
T209;CA;AG;AA;Glu/Lys;CT;TT;GG;TT;CG;AA;36;30,7;7,6;14,2;12,8;120,3;5,8;63,9;5,4
T210;CA;GG;AA;Lys/Lys;CT;CT;AA;CC;GG;AC;64;36,2;8,3;11,7;22,3;65,7;10,6;78,3;8,4
T211;CA;GG;GG;Lys/Lys;CC;CT;AG;CT;CC;AA;63;20,7;9,9;13,3;;73,8;7,9;18,1;6,2
T212;CA;AG;AG;Glu/Glu;TT;CT;AG;TT;CG;AC;66;37,9;10,3;13,0;10,0;86,9;9,4;58,0;8,8
T213;CA;AG;GG;Lys/Lys;CC;CT;AG;CC;CG;AC;56;39,2;12,1;10,3;20,2;72,8;9,9;18,1;7,4
T214;CC;AG;AG;Glu/Glu;CC;TT;GG;CC;CG;AA;55;33,2;10,8;13,4;7,2;100,4;8,8;54,5;6,0
T215;AA;AG;GG;Glu/Lys;CC;CT;AA;TT;GG;AA;77;28,7;8,6;11,6;21,3;73,4;9,8;69,5;5,6
T216;CA;GG;AG;Glu/Lys;CT;CT;AG;CT;CG;AA;68;35,1;11,9;;9,9;79,2;4,8;24,9;8,5
T217;CA;AA;GG;Glu/Lys;CT;CT;GG;CT;CG;AA;77;33,7;11,1;11,1;11,4;89,4;6,5;68,5;5,6
T218;CC;AG;AA;Lys/Lys;CC;TT;AG;CC;CG;AA;68;27,3;9,5;9,8;24,5;88,1;8,9;35,3;6,8
T219;CA;GG;GG;Glu/Lys;CT;CC;AG;CT;CC;AA;70;27,5;9,7;13,1;17,8;58,3;8,1;63,5;5,8
T220;CA;AA;AG;Glu/Glu;CT;CT;AG;CC;CC;AC;56;27,1;9,1;14,4;12,2;75,0;7,1;56,9;5,2
T221;CA;AG;AA;Glu/Glu;CC;CT;AA;CC;CC;AC;74;33,6;9,7;12,8;20,5;54,2;6,2;47,0;5,1
T222;CA;AG;AA;Glu/Lys;CT;TT;AG;CT;CC;CC;45;24,6;7,5;;12,8;136,6;6,2;48,8;5,2
T223;CA;AG;AG;Glu/Glu;CC;CC;AG;CT;CC;AC;58;28,2;8,5;11,1;15,3;;5,1;52,4;5,3
T224;CC;AG;AG;Glu/Lys;CT;CT;AG;TT;CG;AA;64;25,3;7,3;10,8;10,4;111,1;4,6;52,5;6,1
T225;CC;AG;GG;Glu/Lys;CT;TT;AA;CT;CC;AC;73;35,7;11,0;11,1;8,7;50,2;9,9;55,5;7,3
T226;CA;AA;AG;Glu/Lys;CC;CC;AG;TT;CC;CC;65;35,7;8,5;8,7;22,8;108,6;10,6;50,3;7,7
T227;AA;AG;GG;Glu/Lys;CC;CC;AG;CT;CC;AC;63;23,5;9,3;9,8;10,6;65,5;6,5;39,4;6,5
T228;CA;AG;GG;Glu/Lys;CC;CT;AA;CC;CG;AC;56;33,4;7,9;12,5;24,9;111,2;8,0;55,2;5,6
T229;CA;AG;AG;Glu/Glu;CC;TT;AG;CC;CC;AA;68;27,5;8,7;12,6;10,2;63,8;6,4;57,1;6,9
T230;CC;AA;GG;Glu/Lys;CT;CT;AG;CT;CG;AC;61;36,8;10,0;11,2;11,0;37,3;7,6;57,9;6,2
T231;CA;GG;GG;Glu/Lys;CC;CT;AA;CT;CG;AC;48;41,2;11,0;12,1;8,3;86,4;5,0;17,2;6,0
T232;CC;AA;AA;Glu/Lys;CC;TT;GG;CC;CG;CC;72;25,1;8,8;11,5;22,3;142,3;7,6;34,5;5,4
T233;CA;AG;AG;Glu/Glu;CT;CT;AA;CT;CC;AC;51;32,3;7,9;13,5;15,1;52,1;5,0;45,5;6,3
T234;CA;AA;AG;Glu/Lys;CC;CT;AA;CC;CC;AA;67;26,9;11,8;12,6;12,1;130,7;8,3;;7,1
T235;CC;GG;AG;Glu/Lys;CT;TT;GG;TT;CC;AA;70;33,3;10,4;13,3;22,0;104,2;7,0;50,9;8,2
T236;CC;AA;AG;Lys/Lys;CC;TT;AA;TT;CG;AC;64;23,2;10,3;12,1;16,9;57,6;8,8;50,8;5,7
T237;CC;AG;AG;Glu/Glu;CT;CC;AA;TT;CG;AA;72;33,0;9,6;11,9;17,3;109,6;5,9;53,6;5,8
T238;CC;AA;AG;Lys/Lys;CC;CT;AA;CC;CC;AC;41;35,9;9,0;13,0;17,6;126,3;9,7;34,9;7,9
T239;CC;AG;AG;Glu/Lys;CC;CC;AA;CT;CG;AA;51;26,1;7,0;13,6;;67,3;7,0;22,5;7,7
T240;CC;AA;AG;Glu/Glu;CT;CT;AG;CC;CG;AC;56;23,7;8,2;12,3;9,7;124,6;9,0;56,6;6,5
T241;AA;AG;AG;Glu/Lys;CC;TT;AA;CT;CC;AA;70;34,4;10,2;13,7;16,7;135,4;8,4;51,4;7,5
T242;CA;AG;AG;Lys/Lys;TT;TT;AA;CT;CC;AA;47;35,5;11,2;12,5;22,1;110,3;12,0;57,8;7,9
T243;CA;AA;AG;Lys/Lys;TT;TT;AA;CT;GG;CC;42;34,7;9,5;10,8;6,9;131,8;7,1;46,1;7,3
T244;CA;AA;AG;Glu/Lys;CC;CT;AA;CT;CG;AC;60;33,7;10,1;11,4;9,8;97,2;5,5;;5,7
T245;CA;AG;GG;Glu/Lys;CT;CC;AA;TT;CC;AC;61;25,1;8,0;14,1;21,4;95,0;9,4;36,6;6,3
T246;CA;AA;GG;Glu/Lys;CC;TT;GG;CC;CG;AA;58;34,1;7,4;13,5;22,1;75,7;;30,8;6,3
T247;CA;AG;AA;Glu/Lys;CT;CC;AA;CC;GG;AC;74;38,8;10,5;10,7;14,6;96,1;5,6;62,3;4,6
T248;CC;AG;AG;Glu/Lys;CC;TT;AA;CT;CG;AA;57;29,7;9,0;14,6;13,7;130,4;8,7;46,7;5,4
T249;CA;AG;AG;Glu/Lys;CC;TT;AA;TT;CC;AA;69;34,0;9,1;11,4;8,4;72,1;9,2;66,6;7,6
T250;CA;GG;AA;Glu/Lys;CT;TT;AA;CT;CG;AA;63;28,8;10,7;14,2;19,4;140,5;8,7;15,1;7,1
T251;CA;AG;AA;Glu/Lys;TT;CT;AG;CT;CG;AA;65;25,2;10,5;13,6;24,5;111,5;5,7;47,4;7,3
T252;CA;GG;AG;Glu/Lys;CC;CT;AA;CT;CC;AC;42;31,4;8,3;10,6;18,9;83,1;10,7;68,8;5,2
T253;CC;GG;AG;Glu/Lys;CC;CT;AA;CT;CC;AA;39;22,4;10,2;10,0;10,2;146,0;8,8;71,7;7,1
T254;CC;AG;AG;Lys/Lys;CC;CC;GG;CC;GG;AC;47;36,4;8,7;12,8;11,5;99,5;6,8;70,1;8,7
T255;CA;AG;AG;Lys/Lys;TT;TT;AG;CT;CC;AC;72;32,2;9,7;12,2;17,0;124,1;7,6;;6,0
T256;CC;AG;AA;Glu/Lys;CT;CT;AA;CT;CG;AA;61;33,0;9,8;12,5;20,4;117,5;11,7;76,8;7,2
T257;CA;AG;AA;Glu/Lys;CC;CT;AG;TT;CC;AA;49;27,2;9,0;11,4;12,6;99,3;5,6;52,4;7,3
T258;CA;GG;AA;Glu/Glu;CC;CC;AG;CC;CG;AA;74;36,6;11,2;13,2;24,4;159,4;6,3;50,2;8,0
T259;CA;AA;AA;Glu/Glu;CC;CT;AG;CT;CG;AA;57;32,5;8,6;12,0;16,1;96,2;7,0;74,7;5,2
T260;CA;AG;AG;Glu/Lys;CC;CT;AA;TT;CC;AC;67;28,7;9,1;14,2;18,9;60,6;8,7;61,2;6,3
T261;CA;AG;AG;Lys/Lys;CT;TT;AA;CC;CG;AA;42;29,1;8,2;11,9;9,7;116,3;8,6;37,4;6,5
T262;AA;GG;AG;Glu/Lys;CC;CT;AA;CT;CG;AA;63;33,0;8,5;11,6;17,0;34,8;7,2;67,3;6,4
T263;AA;GG;GG;Lys/Lys;CC;TT;AA;CT;CG;AC;59;26,3;7,2;;9,5;36,6;6,5;69,6;6,6
T264;CA;AA;AG;Glu/Lys;CC;CT;AG;CT;CC;CC;45;30,9;11,6;12,9;15,1;58,1;4,0;48,3;5,3
T265;CA;GG;AA;Lys/Lys;CT;TT;AA;CC;CG;AC;54;32,1;7,8;11,4;24,9;33,9;9,8;60,6;8,0
G1;CA;AA;AA;Glu/Lys;TT;CT;AG;CT;CG;AA;46;31,1;11,2;14,0;;78,5;5,7;19,5;5,9
G2;CA;AG;AG;Lys/Lys;CC;CT;AA;TT;CC;AA;50;29,2;7,3;13,8;7,1;104,1;6,9;34,4;6,7
G3;AA;AA;AG;Lys/Lys;CT;TT;AG;CT;CC;AC;53;34,3;11,2;12,0;6,5;85,1;9,8;35,7;6,3
G4;CC;GG;AA;Glu/Lys;CC;TT;AA;CT;CG;AA;63;24,7;12,0;;19,2;64,4;8,8;15,8;7,6
G5;CA;AG;AA;Glu/Lys;CC;CT;AG;CC;CG;AC;63;24,9;8,4;8,7;7,6;91,0;7,3;45,8;8,2
G6;CA;AA;AA;Glu/Glu;CT;TT;GG;CT;CG;AC;72;31,3;9,5;;19,8;121,1;5,5;19,5;6,3
G7;CA;AG;AG;Lys/Lys;CC;CT;AA;CT;CC;AA;61;34,3;7,9;9,4;16,8;76,3;6,9;67,7;8,2
G8;CC;AA;AA;Glu/Lys;CT;CC;AA;CT;CC;AA;46;33,5;8,8;10,6;10,4;106,6;5,7;73,4;7,5
G9;CA;GG;AG;Glu/Lys;CC;CT;AA;CC;CC;AC;37;33,3;8,7;12,1;14,9;97,7;6,6;52,1;6,2
G10;CA;AG;GG;Glu/Lys;CT;CC;GG;CC;CG;AA;54;30,5;11,4;12,6;16,5;59,9;11,0;65,4;7,1
G11;CC;AG;AG;Lys/Lys;CT;CT;AA;TT;CG;AA;76;24,0;11,7;13,2;20,8;43,5;8,7;19,5;5,6
G12;CA;AG;AG;Lys/Lys;CC;TT;AA;CT;CC;AC;59;35,9;11,5;12,8;23,9;41,8;6,7;44,9;6,5
G13;CA;GG;AG;Glu/Lys;CC;CT;GG;TT;CG;AA;67;28,9;7,2;13,1;11,6;150,0;6,8;51,4;4,3
G14;CA;AG;AG;Lys/Lys;CC;TT;AG;CT;CG;AA;53;32,1;6,8;14,2;13,9;113,0;4,3;75,6;8,7
G15;CA;AG;AG;Glu/Lys;CC;CC;GG;CC;CC;AA;62;31,0;9,2;11,5;9,0;112,4;4,4;49,6;7,3
G16;CC;AG;AA;Lys/Lys;CC;CT;AG;TT;CG;AA;70;26,9;6,8;13,5;24,7;107,6;5,8;41,8;5,6
G17;CC;AG;AG;Glu/Glu;CT;TT;GG;CC;CG;CC;77;35,0;9,0;12,1;11,9;100,2;7,7;39,3;6,8
G18;CA;AA;AA;Glu/Lys;CT;TT;AG;CT;CG;AA;57;31,6;7,3;10,4;16,3;95,2;9,2;70,0;8,5
G19;CA;AG;AG;Glu/Lys;CC;CT;AA;TT;CG;AA;57;29,9;9,8;11,1;5,3;143,3;10,3;77,0;8,1
G20;CA;AA;AG;Glu/Lys;CT;CT;AG;CT;CC;AC;69;37,5;6,8;11,0;10,4;82,7;;19,3;5,7
G21;CA;AG;AA;Glu/Lys;CC;CT;AA;CT;CC;AA;47;35,2;9,5;12,4;11,8;78,0;9,4;22,8;8,7
G22;CA;AG;AG;Glu/Lys;CT;CT;AG;CC;CG;AA;43;41,6;10,7;11,0;10,1;43,4;7,4;63,7;7,7
G23;CA;GG;AA;Glu/Glu;CC;CT;AA;TT;CC;AC;73;25,5;10,5;12,6;20,7;69,7;4,5;43,9;8,5
G24;CC;AA;AG;Glu/Lys;CC;CC;GG;CT;CC;CC;53;31,6;8,4;;22,1;71,6;11,4;41,3;8,2
G25;CA;AG;AA;Glu/Glu;CT;TT;AG;CT;CC;AC;43;31,6;9,6;13,4;5,9;133,8;6,5;28,8;6,8
G26;CC;AA;AG;Glu/Lys;CC;CC;GG;CT;CC;AA;52;38,1;7,3;;12,3;65,5;5,8;77,9;6,2
G27;CA;AA;AG;Glu/Lys;TT;TT;AG;CC;CC;AC;64;23,6;10,3;12,5;7,5;51,7;4,9;76,8;6,5
G28;CC;AG;GG;Lys/Lys;CT;CT;AG;TT;CG;AA;66;29,4;10,4;13,3;23,0;96,9;8,2;44,0;9,0
G29;CC;GG;AG;Lys/Lys;CT;CT;GG;CT;CC;AA;56;27,5;9,0;13,9;13,5;73,7;11,2;76,2;5,0
G30;CA;AG;AG;Glu/Glu;CC;CC;AA;CT;CC;AC;44;21,3;9,6;14,1;13,4;56,0;11,5;36,4;6,7
G31;CA;AA;AG;Glu/Lys;CC;CT;AG;CC;CG;AA;49;29,2;10,3;12,0;;56,0;9,5;63,1;6,1
G32;CC;AG;AG;Glu/Lys;CC;CT;AA;CC;CC;AC;76;44,9;6,9;13,2;16,7;75,0;6,8;31,7;8,2
G33;CC;AA;GG;Glu/Glu;CT;CC;AA;CC;CG;AA;51;25,9;8,5;;21,0;138,2;8,2;19,5;8,7
G34;CA;AG;AA;Glu/Glu;CT;CC;AG;CT;CC;CC;64;25,8;10,0;13,1;21,8;;6,6;46,4;7,9
G35;CA;AG;AA;Glu/Glu;CT;TT;AA;CT;CC;AA;56;33,5;10,3;11,6;17,5;107,8;;65,7;7,2
G36;CC;AG;AG;Glu/Lys;CT;TT;AA;CT;CC;AA;60;21,7;9,9;11,4;24,5;137,1;9,9;54,7;7,8
G37;CA;AG;AG;Glu/Lys;CT;CT;GG;CC;CG;AC;52;27,6;8,1;12,1;12,9;89,0;9,6;27,5;6,6
G38;CA;AA;GG;Lys/Lys;CC;TT;AG;CT;CC;CC;60;27,3;11,7;9,8;11,5;92,5;6,6;44,3;5,8
G39;CC;AG;AA;Glu/Lys;CT;CT;AA;CT;CC;AA;39;29,8;11,9;12,3;22,4;83,8;9,4;35,6;4,1
G40;CC;AG;AA;Glu/Glu;CC;TT;GG;TT;CG;AA;71;31,1;9,0;14,4;13,1;151,1;7,1;32,7;6,8
G41;CC;AG;AG;Glu/Glu;CC;CT;AG;CC;CC;AA;72;27,3;8,9;10,3;18,1;77,7;8,9;17,9;6,3
G42;AA;AG;AA;Glu/Lys;TT;CT;AA;CC;CG;AC;64;25,9;10,0;11,3;12,0;76,6;5,2;32,1;5,8
G43;CA;AA;AA;Lys/Lys;CT;CT;AG;CT;CG;AA;76;29,2;11,3;;16,7;32,0;8,9;54,0;8,4
G44;CA;AG;AA;Glu/Lys;CC;CT;AA;CT;CG;AA;75;28,3;8,2;11,5;6,3;71,7;;50,8;7,5
G45;CA;AA;AA;Glu/Lys;CC;CT;AG;CT;CC;AA;63;38,7;7,5;14,1;16,9;47,1;7,1;56,3;7,2
G46;CA;AG;AG;Glu/Glu;TT;TT;GG;TT;CG;AA;57;32,5;9,7;11,1;18,4;82,7;5,5;64,7;7,5
G47;CA;GG;AG;Glu/Lys;CC;TT;AG;CC;CC;AA;56;26,0;7,6;12,4;20,9;103,5;7,0;61,5;7,6
G48;CA;AA;AG;Glu/Lys;CC;TT;AG;CC;CC;CC;76;30,4;7,5;10,6;21,6;63,0;6,6;49,3;8,4
G49;CC;AG;AG;Glu/Lys;CT;TT;GG;CC;CG;AC;51;42,3;10,5;10,3;22,0;128,1;9,5;45,0;5,8
G50;CA;AA;AG;Glu/Glu;CT;CC;AA;CC;CC;AA;63;25,8;11,2;9,8;18,2;92,8;9,7;57,4;7,6
G51;CA;AG;AG;Glu/Lys;CC;CT;AA;CC;CG;AA;68;23,2;7,7;13,0;10,9;133,8;11,0;40,1;6,4
G52;CC;AG;AG;Glu/Lys;CC;CT;AA;TT;CG;AC;33;26,6;10,5;10,7;10,2;107,2;6,7;29,7;8,1
G53;CA;GG;AG;Glu/Lys;CT;CT;AG;CT;CC;AC;73;28,7;10,2;13,4;19,4;89,3;5,1;23,0;6,8
G54;CA;AG;AG;Glu/Lys;CC;CT;AG;CT;CC;AC;53;28,0;7,1;12,2;5,7;72,8;;72,5;6,3
G55;CA;AG;AA;Lys/Lys;CT;CC;GG;TT;CG;AA;55;34,6;11,4;11,3;15,2;136,8;7,0;54,2;6,6
G56;CC;AA;AG;Glu/Lys;CT;CT;AG;CT;CG;AA;69;29,2;8,2;14,5;14,0;114,4;7,9;44,0;4,3
G57;CA;AG;GG;Glu/Lys;CC;TT;AG;CC;CC;AA;44;39,9;11,4;11,9;24,0;80,5;8,4;52,7;4,2
G58;CC;AG;AG;Glu/Lys;CT;TT;GG;CT;CC;AA;75;33,8;7,7;12,4;7,8;107,9;6,9;36,6;7,3
G59;CC;AA;AG;Glu/Lys;CC;TT;AA;CT;CC;AC;60;35,2;11,1;12,7;6,4;112,6;9,4;53,1;7,3
G60;CA;AA;AA;Lys/Lys;CT;TT;GG;CT;CC;AC;46;25,5;8,4;12,5;20,8;116,8;9,7;35,1;6,3
G61;AA;GG;AG;Lys/Lys;CC;TT;AA;CC;CG;AA;37;27,0;11,3;11,9;6,6;52,3;8,2;28,8;7,5
G62;CC;AA;AA;Glu/Lys;CT;CT;GG;CT;CC;AA;74;26,2;9,3;12,1;6,3;96,4;5,0;31,4;6,5
G63;CA;AA;AA;Glu/Glu;CC;CT;AG;TT;CC;AC;54;36,2;11,6;12,4;23,0;134,8;8,0;70,3;6,5
G64;CA;AG;AG;Glu/Lys;CT;CT;AG;CC;CG;AA;54;30,8;9,2;14,6;;61,9;9,3;17,3;4,2
G65;CA;AG;AA;Lys/Lys;CT;CT;AA;CT;CC;AC;55;29,3;7,5;14,2;20,0;104,8;7,4;25,3;5,5
G66;CA;AG;AG;Glu/Lys;CC;TT;AG;CC;CC;CC;53;38,6;9,0;11,6;14,7;130,4;7,7;16,6;8,2
G67;CC;GG;AA;Glu/Lys;CT;TT;AA;TT;CC;AA;64;23,4;10,9;9,5;15,4;67,6;10,7;51,2;6,9
G68;CA;GG;AG;Glu/Lys;CT;CC;AA;CT;CC;AA;47;40,8;8,9;12,1;16,4;124,0;7,6;18,8;5,8
G69;CA;AG;AG;Glu/Lys;TT;CT;AA;CT;CC;AA;73;28,2;10,0;9,9;14,5;67,0;8,7;56,3;8,4
G70;CA;AG;AG;Glu/Lys;CC;CT;AA;CC;CC;AC;51;37,9;10,4;13,3;24,0;106,8;4,1;18,1;7,7
G71;CA;GG;GG;Lys/Lys;CC;TT;AG;CT;CC;AC;65;27,5;7,3;10,4;23,5;116,6;10,8;42,5;7,2
G72;CC;AA;AG;Lys/Lys;CT;CC;AA;CT;CG;AA;55;38,6;10,0;11,4;16,7;53,7;5,5;49,3;9,0
G73;CA;GG;GG;Lys/Lys;CC;CT;AG;CT;CC;AC;60;26,0;7,6;13,1;22,7;97,1;4,3;66,7;8,3
G74;CC;AG;GG;Glu/Glu;CC;CC;AG;CT;CC;AA;72;31,6;9,2;11,1;6,2;47,2;7,1;23,8;6,4
G75;CC;AG;GG;Lys/Lys;CT;CC;GG;CC;CG;AA;60;24,0;9,5;13,9;20,5;93,9;6,2;36,1;6,5
G76;AA;AG;AG;Glu/Lys;CC;TT;AA;CT;CG;AC;71;25,0;10,4;13,9;12,4;119,6;5,1;58,1;6,3
G77;CA;AG;AG;Glu/Lys;TT;CT;AA;CC;CC;AA;69;27,9;9,1;13,2;6,9;48,6;5,7;73,9;6,3
G78;CC;GG;AG;Glu/Lys;CT;CC;GG;CC;CC;AC;50;30,2;8,0;12,4;17,0;69,5;5,7;52,6;7,8
G79;CA;GG;AA;Glu/Glu;CC;CT;AA;CT;CC;AA;66;24,0;11,8;13,5;21,2;97,9;6,1;39,9;9,0
G80;CA;AA;AA;Glu/Glu;TT;CT;AG;CT;CC;AC;57;28,4;10,6;12,5;21,4;;5,1;69,9;7,9
G81;CA;AG;AG;Lys/Lys;CT;CC;AG;CT;CC;CC;44;26,7;8,8;11,3;16,3;34,4;10,0;51,2;6,6
G82;CC;AG;AG;Glu/Lys;CC;CT;AG;CT;CC;AA;77;26,8;7,4;13,4;5,6;124,0;8,1;33,2;8,4
G83;CA;GG;AG;Glu/Glu;CC;TT;AG;CT;CG;AA;76;38,1;9,4;13,7;5,4;84,8;6,9;;7,1
G84;CA;AA;AG;Glu/Lys;CC;TT;AA;CT;CC;AC;69;34,7;8,0;11,8;6,2;146,0;8,5;34,4;5,5
G85;CC;GG;AA;Lys/Lys;CC;TT;AG;CT;CC;AC;57;33,8;10,0;13,5;15,1;59,4;7,6;28,5;7,6
G86;CC;AA;GG;Glu/Lys;CC;CT;AA;CT;CC;AC;55;22,5;8,7;12,0;18,4;69,9;11,4;53,5;5,6
G87;CA;AA;AG;Glu/Lys;CT;CC;AA;CT;CC;CC;67;31,5;10,2;11,5;12,2;64,8;6,3;21,0;7,1
G88;CA;AA;GG;Glu/Glu;CT;TT;AA;CC;CC;AA;71;28,5;8,2;10,8;9,0;44,4;8,4;54,1;5,7
G89;AA;AG;AA;Lys/Lys;CT;CT;AA;TT;CC;AA;72;26,2;11,3;11,4;24,0;131,6;11,2;77,4;4,1
G90;CA;AA;AG;Glu/Lys;TT;TT;AA;CC;CC;AA;72;47,5;11,5;13,1;9,9;96,9;4,6;62,3;8,5
G91;CC;AA;AG;Glu/Lys;CT;CT;AA;CT;CG;CC;47;29,0;8,0;11,5;24,6;67,5;5,6;40,6;8,0
G92;CA;AA;GG;Lys/Lys;CT;CC;AA;CT;CC;AA;65;28,5;7,3;11,5;9,9;102,0;9,5;68,0;6,7
G93;CA;AA;GG;Glu/Lys;TT;CC;AG;CC;CC;AC;52;31,1;8,6;13,6;15,9;63,4;;57,0;7,0
G94;CA;AG;GG;Glu/Lys;CT;CT;AA;CT;CG;AC;52;37,4;8,4;12,6;10,2;93,0;8,8;75,6;7,3
G95;CA;AA;AA;Glu/Lys;CT;CT;GG;CT;CC;AC;61;35,0;8,0;10,3;18,9;107,3;7,8;76,0;5,5
G96;CC;AG;AG;Lys/Lys;CC;TT;AG;TT;CC;AC;54;24,6;8,7;;10,8;89,3;4,7;40,7;8,3
G97;CA;AG;GG;Glu/Glu;CC;CT;AA;CT;CC;AC;64;35,8;9,7;12,2;;106,1;5,8;72,5;6,3
G98;CA;AG;AG;Glu/Lys;CC;TT;GG;CC;CG;AA;47;27,2;10,1;12,4;14,1;86,6;6,9;30,1;5,3
G99;CC;AG;AG;Glu/Glu;CC;TT;AG;TT;CG;AA;70;22,2;10,5;;11,9;76,1;7,6;24,3;7,3
G100;CA;AG;GG;Glu/Lys;CT;CT;AA;TT;CG;AA;63;25,0;8,7;11,2;8,6;93,2;7,0;36,1;8,4
G101;CA;AG;AG;Glu/Lys;CC;TT;GG;TT;CG;AA;68;34,2;8,8;12,5;13,6;100,1;8,4;56,3;8,0
G102;AA;AG;GG;Glu/Glu;CC;CT;AG;CT;CC;AC;51;22,5;9,2;11,7;12,4;63,8;6,6;48,8;7,2
G103;CA;GG;AG;Glu/Glu;CC;TT;AG;CC;CG;AC;53;33,4;11,8;9,6;11,0;82,5;4,4;28,2;8,8
G104;AA;AA;AA;Glu/Lys;CC;CT;AG;CT;CC;AC;57;31,9;6,9;11,5;8,1;63,6;8,1;39,3;6,7
G105;CA;GG;AG;Glu/Lys;CT;CT;AG;CC;CG;AC;48;28,0;10,0;10,7;8,2;40,3;8,9;53,5;8,6
G106;CA;AG;GG;Lys/Lys;CC;CC;GG;CT;CG;AA;60;24,0;7,5;11,6;8,7;83,0;4,4;36,3;8,9
G107;AA;AG;AA;Glu/Lys;CC;CC;AA;CT;CC;AA;44;28,1;11,0;13,0;22,1;109,0;6,6;53,9;6,2
G108;CC;AA;GG;Lys/Lys;CC;CT;AG;CT;CC;AA;58;27,9;7,5;11,5;21,7;41,8;7,1;39,3;7,8
G109;CC;AA;GG;Glu/Lys;CT;CT;AA;CT;CG;AC;61;33,7;11,5;12,3;23,6;121,4;5,4;51,9;
G110;CA;AA;GG;Glu/Glu;TT;CT;GG;CC;GG;CC;72;36,2;9,0;11,5;15,5;90,2;5,6;39,9;4,3
G111;CA;AA;GG;Glu/Lys;CT;CT;AG;TT;CG;AA;58;30,9;9,7;;19,8;128,7;6,9;52,6;6,3
G112;CC;AG;GG;Glu/Lys;CT;CT;AA;TT;CC;AA;68;31,6;11,0;11,5;20,7;82,0;7,1;56,0;6,9
G113;CC;GG;GG;Glu/Lys;CT;CC;AA;CC;CG;AA;61;25,1;10,8;9,8;22,5;71,9;9,8;58,6;
G114;CC;AA;AA;Glu/Lys;CT;CT;AA;CT;CC;AA;62;29,6;9,2;;14,0;124,8;8,7;48,4;4,4
G115;CA;AG;GG;Lys/Lys;CT;TT;AA;CT;CC;AC;68;27,4;7,9;11,3;18,9;62,8;4,6;60,9;5,6
G116;CA;AG;AG;Glu/Lys;CT;CT;AA;CT;CG;AC;66;27,8;9,2;11,4;13,0;51,7;5,0;21,0;8,8
G117;CA;AA;AA;Glu/Lys;CC;TT;AA;CT;CG;AA;72;34,0;9,0;12,4;16,0;92,9;;41,9;
G118;CA;AG;AG;Glu/Lys;TT;CT;AA;TT;CC;AA;77;32,7;7,7;11,9;11,6;112,4;;36,7;4,9
G119;CA;AG;GG;Glu/Lys;CC;CT;GG;CT;CC;AA;42;32,1;10,1;13,8;17,4;75,8;5,4;26,3;4,5
G120;CA;AG;AG;Glu/Glu;CC;TT;AG;CT;CC;AC;53;20,2;8,2;10,1;24,0;96,7;10,1;34,2;8,5
G121;CA;AA;AA;Glu/Lys;CT;TT;AA;CT;CC;AC;62;26,0;10,1;11,6;9,1;106,1;7,9;50,0;7,7
G122;CA;AG;AG;Glu/Lys;CT;TT;AG;CT;CC;AC;46;32,3;10,0;11,0;12,3;;4,4;23,7;7,6
G123;CA;AA;AG;Glu/Lys;CC;CT;AA;CT;CG;AC;65;32,7;11,7;12,2;11,8;133,0;9,6;21,0;6,6
G124;CA;AG;AG;Glu/Lys;CC;CT;AA;CT;CC;AA;61;26,9;11,9;12,4;14,4;89,5;8,6;24,9;6,7
G125;AA;AA;AG;Lys/Lys;CC;CC;AA;CC;CG;CC;74;26,1;11,1;13,7;9,2;84,3;8,9;32,3;8,3
G126;CA;GG;GG;Glu/Lys;TT;CT;AA;CC;CG;AC;47;34,5;11,6;13,8;15,7;115,3;5,1;72,3;7,3
G127;CA;AA;GG;Lys/Lys;CC;CC;GG;CT;CC;AA;58;25,5;12,1;14,6;6,9;52,9;8,5;73,7;6,8
G128;CA;AG;AG;Lys/Lys;CT;CT;AA;CC;CG;AA;65;36,7;9,8;12,0;15,5;107,6;6,4;34,8;7,6
G129;CA;AG;AG;Lys/Lys;CT;TT;AG;CT;CG;AA;67;33,9;11,2;11,9;11,2;118,9;7,8;34,9;4,4
G130;CC;AG;AA;Glu/Lys;CC;TT;AG;CT;CG;AC;67;25,2;7,6;11,6;23,1;30,6;6,6;67,1;4,2
G131;CA;AA;AG;Glu/Glu;CT;CT;GG;CT;CC;AA;41;27,0;10,3;10,4;14,8;96,9;6,7;40,6;6,5
G132;CC;AA;AA;Glu/Lys;CT;CT;GG;CT;CG;AA;56;36,9;6,7;13,4;17,2;82,5;10,3;32,5;
G133;CA;AG;AG;Glu/Lys;CC;CT;AG;CC;CC;AC;57;29,0;8,2;;24,2;77,8;9,9;17,7;8,4
G134;CC;AA;AG;Glu/Lys;CT;CT;AG;CT;CC;AA;76;29,9;10,3;;7,7;90,0;10,4;39,3;
G135;AA;AG;AG;Glu/Lys;TT;TT;AG;CT;CG;AA;70;23,8;8,8;9,7;14,4;96,7;8,6;24,1;4,1
G136;CA;AG;AA;Glu/Lys;TT;CC;AA;CT;CC;AC;55;31,2;8,5;12,4;9,3;62,0;4,5;40,2;6,2
G137;CA;AG;GG;Glu/Lys;CC;TT;AA;CT;CG;AA;75;32,0;10,0;11,6;;54,4;5,2;40,7;5,6
G138;CA;AG;AG;Glu/Glu;CT;TT;AG;CT;CC;AA;61;32,4;8,1;11,2;16,6;100,0;8,4;40,8;4,3
G139;CA;AG;GG;Glu/Lys;CC;CC;AG;CC;CC;AA;62;32,3;10,8;12,7;24,3;91,5;4,3;48,4;4,4
G140;CC;AG;GG;Glu/Lys;CC;CC;AG;CT;CC;AC;66;27,7;9,9;10,0;13,4;103,4;4,3;66,4;5,8
G141;CA;AG;AG;Glu/Lys;CC;TT;AA;CT;CG;AC;73;22,7;10,5;11,2;17,1;49,3;4,9;49,7;8,0
G142;AA;AG;AA;Glu/Glu;CC;CT;AG;CC;CG;AA;61;34,2;9,9;12,7;9,3;64,7;6,1;45,5;6,4
G143;CA;GG;AA;Glu/Lys;CT;CT;AG;CC;CG;AA;46;34,3;11,2;11,5;15,9;96,2;10,2;46,2;4,9
G144;CC;GG;GG;Glu/Glu;CT;CT;AA;CT;CC;AA;67;31,2;9,9;13,3;19,4;117,6;7,1;66,9;8,1
G145;AA;AG;AG;Glu/Glu;CC;CC;AA;TT;CG;AA;43;23,9;10,6;13,3;15,7;107,7;7,2;55,3;5,8
G146;CA;AG;GG;Glu/Lys;CT;CT;AA;CC;CG;AA;72;23,2;11,2;12,9;21,6;94,7;10,6;67,0;7,0
G147;CA;AG;AG;Glu/Lys;CC;CC;AA;CT;CG;AA;67;28,7;11,3;13,2;24,1;56,1;10,4;79,5;5,6
G148;CA;GG;AG;Glu/Lys;CC;CC;AG;CC;GG;AA;56;31,5;9,0;12,8;14,4;60,4;9,3;26,7;8,4
G149;CC;GG;AG;Glu/Lys;CC;CC;AG;CT;CC;AA;47;33,1;10,8;13,3;;79,7;6,9;62,9;4,2
G150;CA;AG;AG;Lys/Lys;CT;CT;AG;CT;GG;AA;51;30,1;10,8;12,6;17,0;107,9;7,2;43,3;4,7
G151;CC;AG;GG;Glu/Lys;CC;CT;AA;CC;GG;AA;58;24,2;11,6;12,2;8,4;100,7;4,2;43,8;7,1
G152;CC;AG;AG;Lys/Lys;CC;CT;AG;CT;CC;AC;33;27,6;11,7;12,2;23,9;108,1;11,1;;8,5
G153;CA;GG;AG;Glu/Lys;CT;CC;GG;CC;CC;AA;41;22,7;9,1;10,7;16,9;134,2;5,6;77,0;5,6
G154;CC;AA;AG;Glu/Lys;CC;CT;AG;CT;CC;AC;73;28,2;8,7;13,2;16,5;54,8;4,9;49,7;5,4
G155;CC;GG;AG;Lys/Lys;CC;CT;AG;TT;CC;AA;52;39,3;10,8;13,0;14,7;137,7;4,4;58,5;7,4
G156;CC;GG;GG;Glu/Lys;TT;CT;AA;CT;CG;AC;60;29,7;10,4;11,0;13,9;97,8;11,6;70,5;6,3
G157;CA;GG;GG;Glu/Glu;CT;TT;AG;CC;CC;AC;57;31,9;11,8;11,9;22,7;93,0;8,7;47,8;7,6
G158;CA;GG;AG;Glu/Glu;CC;CT;AG;CT;CG;AA;68;31,5;8,8;11,5;18,7;142,9;10,3;63,4;8,7
G159;CA;AG;AA;Glu/Glu;TT;CC;AA;CT;CG;AC;65;26,0;9,9;12,8;7,2;99,6;8,4;38,2;8,0
G160;CA;AG;AG;Glu/Lys;CT;CC;AG;CC;CC;CC;65;33,0;9,9;14,3;21,2;78,9;7,0;24,6;5,6
G161;CA;AG;AG;Lys/Lys;CC;CT;GG;CT;CC;AA;63;34,4;8,4;11,5;6,5;146,9;6,9;43,1;4,5
G162;CA;GG;AG;Glu/Glu;CT;TT;AA;TT;CG;CC;60;39,5;11,0;11,9;8,8;98,5;5,6;39,3;8,6
G163;CC;AG;AA;Lys/Lys;CC;CT;AA;CT;CG;AA;62;26,2;10,4;12,6;7,5;129,1;6,5;65,7;7,7
G164;CA;AA;AG;Glu/Glu;CC;CT;AA;CT;CG;AC;35;31,0;9,4;12,9;8,6;73,4;5,4;48,7;4,1
G165;CA;AG;AG;Glu/Lys;CT;TT;AG;CC;CG;AA;59;28,7;9,8;13,8;11,5;94,1;6,9;67,1;8,7
G166;CA;GG;AA;Glu/Lys;CC;TT;AG;CT;CC;AA;44;23,7;9,4;10,6;11,3;112,2;7,6;53,0;
G167;CA;GG;AA;Glu/Lys;CT;CC;GG;CT;CC;AC;71;25,0;7,4;11,5;;84,9;6,6;17,8;6,7
G168;AA;AG;AG;Glu/Lys;CT;TT;AA;CT;CC;AC;59;29,4;9,7;11,8;13,9;58,6;7,0;66,2;6,3
G169;CC;AG;AG;Lys/Lys;CT;CT;AG;CT;CG;AC;57;27,9;6,8;12,4;19,7;77,7;8,9;60,5;8,4
G170;CA;GG;AG;Glu/Glu;CC;CT;AG;CT;CC;AC;55;29,6;11,7;12,3;5,7;96,4;6,5;18,7;5,2
G171;CA;AA;GG;Lys/Lys;CC;CT;AG;TT;CG;AC;49;42,5;8,6;13,5;14,4;83,4;8,7;37,8;6,5
G172;CA;GG;AG;Glu/Lys;CC;CC;GG;CT;CG;AC;64;34,0;9,5;12,4;8,0;81,6;9,5;39,5;6,6
G173;CA;AG;AG;Lys/Lys;CC;CT;AG;CT;CC;AA;76;37,4;11,2;11,2;6,1;155,0;7,8;47,4;4,4
G174;CA;AG;AA;Lys/Lys;CC;CT;GG;TT;CG;AA;70;35,2;7,8;13,6;23,4;80,8;8,9;56,1;8,5
G175;CC;GG;GG;Glu/Glu;CC;TT;AA;CC;CG;AC;77;35,4;9,8;12,1;23,2;82,5;8,6;45,6;5,3
G176;CA;AG;GG;Lys/Lys;CC;CT;AG;CC;CC;AA;63;33,7;8,8;;5,4;125,2;9,3;44,4;8,9
G177;CC;GG;AG;Glu/Lys;CC;CT;AA;CT;GG;AC;45;32,6;7,4;12,7;18,8;102,1;6,9;36,5;8,7
G178;AA;AG;AG;Glu/Glu;CC;CT;AA;TT;CG;AC;43;27,2;11,8;13,1;16,6;103,5;9,9;43,0;7,5
G179;CA;GG;AA;Glu/Lys;CC;CT;AG;TT;CG;AA;73;27,9;11,0;9,3;17,9;106,4;7,0;77,2;4,2
G180;CA;AG;AA;Glu/Glu;CT;CT;AA;TT;CG;AA;63;26,3;9,9;9,4;20,3;61,7;8,9;77,6;7,2
G181;CC;AG;AA;Glu/Glu;CT;CC;GG;TT;CG;CC;55;29,5;8,0;12,9;14,0;95,8;;56,7;6,8
G182;AA;AG;AA;Glu/Glu;CC;TT;GG;CT;CG;AA;63;34,2;11,8;11,5;18,3;130,1;5,9;20,9;6,1
G183;CA;AA;GG;Glu/Lys;CC;TT;AA;CC;CG;AC;49;29,0;8,7;12,5;12,2;70,1;9,4;24,9;8,5
G184;CC;AG;GG;Lys/Lys;CC;TT;AA;CT;CC;AC;51;32,4;11,8;12,0;12,5;79,6;6,3;48,0;6,8
G185;CC;AG;AG;Glu/Lys;CC;CT;AG;CT;CG;AA;67;23,0;10,3;13,7;;39,9;9,7;43,1;4,1
G186;CA;AA;GG;Glu/Lys;CC;CT;AG;CT;CC;AC;65;23,8;9,0;14,5;10,7;68,9;9,0;74,9;7,7
G187;CA;AG;AG;Glu/Lys;CT;TT;AA;TT;CC;AA;58;33,8;9,8;11,1;14,6;94,8;5,1;67,9;7,5
G188;CA;AA;AG;Lys/Lys;CC;CT;GG;CT;CG;AA;62;28,2;9,1;13,1;5,8;124,4;5,9;57,8;8,2
G189;CA;AG;AG;Lys/Lys;CT;CC;AA;CT;CC;AA;62;40,1;9,6;11,1;7,5;90,8;11,2;59,6;8,3
G190;CA;AG;GG;Glu/Lys;CT;TT;AA;CT;CG;AC;61;35,5;8,5;11,5;12,9;98,8;5,9;;9,0
G191;CA;GG;GG;Glu/Lys;CC;CT;AA;CC;CC;AC;57;25,8;7,0;11,5;5,1;127,4;5,7;51,3;5,6
G192;CA;AA;AG;Glu/Lys;CC;CC;GG;CT;CG;AC;52;29,9;9,0;11,9;9,3;117,1;7,5;69,8;5,3
G193;CA;AA;GG;Glu/Lys;CT;CC;AG;CT;CC;AA;53;35,7;11,6;13,9;5,1;105,7;7,4;16,6;4,9
G194;CA;AA;AG;Lys/Lys;CC;CT;AA;CT;CC;AA;69;35,8;10,7;12,2;15,4;70,5;6,7;44,5;4,7
G195;CC;AG;AA;Glu/Lys;CC;CC;AG;CT;CG;AA;73;31,6;11,8;;20,8;42,7;4,8;77,5;8,5
G196;CC;GG;AG;Glu/Lys;CC;CT;AA;CT;CG;AA;57;29,3;10,4;13,6;22,6;107,5;7,6;27,7;5,7
G197;CA;AA;AG;Glu/Lys;CC;CC;GG;CT;CG;AC;41;26,4;10,6;14,0;7,5;137,6;10,5;41,9;8,9
G198;CA;AA;AG;Lys/Lys;CC;TT;AG;TT;CC;CC;52;28,7;7,3;10,5;10,2;106,3;8,4;44,2;8,8
G199;CA;AA;AG;Glu/Lys;CC;TT;AA;TT;CG;AA;59;30,9;9,3;;19,0;86,3;7,4;37,8;4,7
G200;CC;AG;AG;Glu/Lys;CT;CT;AA;CT;CC;AC;69;30,7;9,2;11,7;10,3;97,3;4,7;36,1;8,1
G201;CC;AG;AG;Glu/Lys;CC;TT;AA;CC;CG;AC;73;31,5;8,8;12,4;11,7;56,9;8,0;64,4;5,3
G202;CA;AG;AG;Lys/Lys;TT;CT;AG;CT;CC;AA;51;29,8;9,0;12,1;21,6;88,2;9,5;24,1;6,1
G203;CA;AG;AG;Glu/Glu;CC;TT;AA;CT;CC;CC;52;37,0;9,3;13,3;;49,8;8,6;34,7;6,3
G204;CA;AG;AG;Glu/Lys;CT;CC;AA;CT;CC;AA;50;24,5;10,2;13,0;21,9;60,0;10,5;45,9;7,0
G205;CA;AG;AA;Glu/Lys;CC;CT;AG;CC;CC;AA;77;38,1;11,4;12,0;19,3;130,7;9,8;61,6;8,2
G206;CA;AA;AG;Glu/Glu;CC;TT;AA;TT;CC;AA;59;35,9;11,7;10,1;15,7;81,9;7,6;26,0;7,1
G207;AA;AA;AG;Lys/Lys;CC;TT;GG;CC;CC;AA;74;37,3;7,6;14,1;5,3;82,9;11,2;46,7;5,9
G208;CA;AG;AA;Lys/Lys;CT;CT;AA;CT;CC;AA;58;25,9;9,0;10,7;12,7;134,8;6,3;46,4;4,0
G209;CA;AA;GG;Glu/Lys;CC;TT;AG;CC;CC;AC;46;25,8;9,0;9,1;17,9;56,2;4,4;59,0;6,7
G210;CC;AG;AA;Glu/Glu;TT;TT;AG;CT;CG;AC;66;33,8;11,0;11,1;24,2;109,0;8,8;36,0;6,3
G211;CA;GG;AG;Glu/Glu;CT;CT;AA;CT;GG;AA;53;26,3;8,8;13,0;14,7;65,4;8,2;70,8;7,0
G212;CA;AG;AG;Lys/Lys;CC;CT;AA;CT;CC;AA;62;29,3;10,0;11,8;13,7;42,8;6,8;34,2;4,2
G213;CA;AA;AG;Glu/Glu;CC;CC;AG;TT;CG;CC;72;35,2;11,8;11,6;23,4;109,7;7,7;74,1;6,6
G214;CC;AG;GG;Glu/Lys;CT;CT;AG;CT;CC;AC;52;35,7;9,5;14,5;12,5;66,0;10,4;73,1;7,4
G215;CA;GG;AG;Lys/Lys;CC;CT;AA;CT;CG;AA;49;20,2;10,0;13,5;10,1;72,2;6,9;53,2;6,3
G216;CA;AA;AA;Glu/Lys;CC;CT;AG;CT;CG;CC;50;24,8;8,7;10,6;11,3;100,9;4,0;37,9;7,7
G217;CA;AG;GG;Glu/Lys;CC;TT;GG;CC;CG;AA;67;40,7;10,9;12,6;9,9;93,1;5,6;28,1;7,3
G218;AA;AG;AG;Glu/Glu;CC;CT;AG;CT;CC;AA;70;34,9;8,5;12,5;;90,5;4,6;41,7;6,4
G219;CA;AA;AG;Glu/Lys;CC;TT;GG;CC;GG;AA;51;29,0;10,1;10,3;19,1;;6,9;59,1;7,8
G220;CC;AG;AG;Glu/Glu;CC;TT;AA;CT;CG;CC;66;28,5;9,4;10,0;12,4;115,7;7,7;46,1;8,7
G221;CC;AG;AG;Glu/Lys;CC;CT;AG;CC;CC;AA;54;25,8;8,6;12,0;24,4;113,2;7,8;52,8;4,6
G222;CA;AG;AG;Glu/Glu;TT;CT;AG;TT;CC;AA;69;28,9;9,6;10,1;22,4;118,3;8,2;29,6;7,4
G223;CA;AG;AG;Glu/Lys;CC;CT;AA;CT;GG;AA;69;41,7;9,5;12,7;12,7;44,2;11,9;69,8;8,5
G224;CA;AG;AA;Glu/Glu;CC;CT;AA;CC;CG;AC;77;24,5;8,3;12,0;8,2;101,0;5,1;57,1;7,0
G225;CA;AG;AA;Glu/Lys;CC;CT;AG;CT;GG;AA;61;35,5;8,5;10,6;8,6;113,6;5,2;66,0;7,9
G226;CA;AA;AG;Glu/Lys;TT;CT;GG;CT;CG;AA;59;20,7;10,1;13,0;17,7;48,4;9,7;53,1;7,9
G227;CA;AG;AA;Glu/Glu;CT;TT;AA;CT;CC;AA;54;27,3;9,7;12,9;16,5;88,2;10,3;48,4;8,4
G228;CA;GG;AA;Glu/Lys;CC;TT;AG;CT;CC;AA;73;24,6;11,3;13,0;22,9;116,8;11,3;61,3;6,2
G229;CA;AG;AG;Glu/Lys;CC;TT;AG;CT;CC;AA;74;27,5;9,8;11,0;22,6;112,6;6,5;23,2;5,9
G230;CA;AG;GG;Glu/Lys;CT;TT;AA;CC;CC;AC;65;25,8;8,2;14,2;14,5;157,8;4,6;59,7;6,0
G231;CA;AA;GG;Glu/Lys;CT;CT;AG;CC;CG;AA;60;33,7;6,9;10,5;18,6;125,6;5,2;73,1;
G232;CC;AG;GG;Glu/Lys;CT;CT;AA;CC;CG;AC;58;32,2;11,1;12,4;16,7;66,6;5,4;65,8;8,2
G233;CC;AG;AG;Glu/Glu;CT;CC;AG;CT;CG;AA;40;35,8;8,3;12,1;5,3;82,7;9,6;20,0;6,3
G234;CA;GG;AA;Glu/Glu;CT;CT;AG;CC;CG;AA;37;38,4;7,8;12,3;18,5;92,6;7,0;18,1;7,3
G235;CA;AG;GG;Glu/Glu;CT;CC;GG;CT;CC;AA;54;29,5;10,5;9,2;8,0;62,3;11,5;57,3;
G236;CA;AG;AG;Lys/Lys;CC;CT;AG;CT;CC;AA;48;26,7;10,3;12,8;13,8;74,4;6,1;22,5;7,1
G237;CC;AG;AG;Glu/Lys;CC;CC;AG;CC;CC;AC;42;29,9;9,1;13,1;14,8;79,2;7,8;61,4;8,4
G238;CA;AG;AG;Glu/Lys;CC;CT;AA;CC;CC;AA;60;30,9;11,5;14,0;22,7;88,4;5,8;61,9;
G239;CA;GG;AG;Glu/Glu;CT;TT;AG;CT;CG;AC;55;32,3;8,1;10,3;9,9;87,4;7,3;63,9;7,3
G240;CC;AA;AA;Glu/Lys;CT;TT;AA;CC;CG;AA;73;21,3;9,0;12,3;16,2;97,7;5,4;49,1;8,0
G241;CA;AA;AG;Glu/Lys;CC;CC;GG;TT;CG;AC;59;34,1;9,7;11,6;16,1;132,8;6,8;26,6;4,8
G242;CA;GG;AG;Lys/Lys;CT;CT;AA;CT;CG;AA;67;26,9;6,5;11,9;12,5;85,1;9,0;42,9;8,1
G243;CA;GG;AA;Glu/Lys;CC;CT;AA;TT;CG;AC;71;30,9;9,7;12,7;20,0;150,5;4,6;37,1;7,6
G244;CC;AG;AA;Lys/Lys;CC;CT;AA;TT;CC;CC;65;39,4;9,3;14,2;17,6;111,3;;51,5;5,8
G245;CA;AG;AA;Glu/Lys;CT;TT;AA;CT;CG;AA;59;44,0;9,0;10,7;;95,3;4,8;17,3;7,1
G246;CA;AG;AG;Glu/Glu;CT;CT;AA;CT;CC;AA;67;33,8;10,9;12,5;8,1;149,0;11,0;41,6;7,0
G247;CC;AA;AA;Glu/Glu;CC;CT;AG;CC;CG;AA;64;29,9;10,7;13,5;24,3;127,2;5,5;25,9;6,3
G248;CA;GG;GG;Glu/Lys;CC;CT;GG;CC;CG;AA;57;30,5;9,0;9,5;20,5;79,4;7,2;55,6;6,6
G249;CA;AA;AG;Glu/Lys;CT;CT;GG;CT;CC;AA;66;34,4;9,5;10,3;22,7;87,1;6,1;53,1;4,6
G250;CC;AG;AA;Glu/Glu;CT;CT;GG;CT;CC;AA;66;24,0;10,1;11,5;13,8;147,6;5,0;51,1;6,1
G251;CA;GG;AG;Glu/Glu;TT;CT;AG;CC;CC;AA;75;26,2;7,8;11,2;;123,7;7,1;28,6;7,2
G252;CA;AG;GG;Glu/Lys;CT;CC;AG;CT;CG;AA;50;27,8;8,0;11,9;17,8;81,9;8,0;47,3;5,1
G253;CC;GG;AG;Glu/Lys;CC;CT;AA;CC;CC;AA;67;31,8;10,1;13,4;18,1;99,6;9,2;43,7;6,4
G254;CC;AG;AA;Lys/Lys;CT;CC;AG;CT;CG;AC;60;32,0;11,0;13,3;20,2;84,7;10,3;47,1;6,5
G255;CA;AG;GG;Glu/Lys;CT;CT;GG;CT;GG;AC;74;31,5;9,0;12,1;;72,6;7,3;75,1;6,8
G256;CA;AG;AA;Lys/Lys;CC;CT;AA;CT;CG;AA;66;28,2;9,5;12,6;7,6;96,1;4,2;60,5;7,0
G257;CA;AG;AG;Lys/Lys;CT;TT;AG;CC;CC;AC;63;27,0;7,4;11,1;12,3;74,5;6,8;56,4;8,9
G258;CC;GG;AG;Glu/Lys;CT;CT;AG;CT;CG;AA;52;33,5;7,0;12,3;16,4;114,1;7,7;67,2;7,2
G259;CA;AA;AA;Lys/Lys;CT;CT;AG;CT;CC;AA;49;37,4;9,6;12,5;7,1;127,5;5,7;18,6;5,2
G260;CA;AG;GG;Glu/Glu;CC;CT;AA;TT;CC;AA;59;39,7;10,7;12,6;;61,7;8,4;72,4;7,0
G261;CC;AA;GG;Glu/Lys;CC;CT;AG;TT;CG;CC;49;28,4;9,7;11,3;21,3;89,5;6,1;62,3;6,9
G262;CC;AA;AA;Glu/Lys;CC;CT;AA;TT;CG;AC;70;39,9;10,1;9,6;8,9;149,6;7,6;33,4;6,0
G263;CA;AA;GG;Glu/Glu;CT;CT;AA;CC;CC;AC;51;32,8;10,0;11,1;14,8;92,5;8,1;36,6;6,0
G264;CA;AG;AG;Lys/Lys;CT;CT;AA;CT;CC;AC;69;26,6;11,2;9,7;23,2;125,8;5,4;69,4;6,6
G265;CC;GG;AG;Glu/Lys;CT;TT;AA;TT;CG;AA;68;21,6;8,3;12,6;15,5;114,9;8,7;69,4;7,9
G266;CA;AG;AA;Glu/Lys;CC;TT;GG;CC;CC;AC;69;27,2;8,6;13,5;11,7;132,6;10,5;34,6;5,4
G267;CA;AG;AG;Glu/Glu;CT;TT;AG;CT;CC;AA;63;43,7;6,7;11,9;21,9;120,4;9,0;60,4;5,8
G268;CC;AA;AG;Glu/Lys;CT;CT;AG;CC;CG;AA;66;33,4;10,4;11,1;16,5;82,7;6,5;15,6;7,9
G269;CA;GG;AG;Glu/Lys;CC;CT;AG;TT;CC;AA;41;26,2;10,4;13,1;12,1;65,8;4,1;51,0;5,7
G270;CC;AG;AG;Glu/Lys;CT;CC;AG;CT;CG;AA;62;38,8;9,4;;21,7;99,4;6,4;58,6;5,1
G271;CC;AA;AA;Glu/Lys;CC;CT;AA;CT;CG;AA;52;30,1;11,4;11,4;5,7;84,8;5,6;58,1;8,1
G272;CA;AG;AG;Glu/Lys;CC;CT;GG;CC;CG;AC;68;30,3;10,7;10,1;11,0;66,5;9,8;50,2;5,6