Sample;FTO [rs8050136];FTO [rs7202116];FTO [rs9930506];KCNJ11 [rs5219];SLC30A8 [rs13266634];CDKN2B [rs10811661];CDKAL1 [rs7756992];CDKAL1 [rs9465871];CDKAL1 [rs7754840];CDKAL1 [rs10946398];Age;BMI;Basal glucose level ;Glucose level 2 h after PGTT;Basal insulin level ;Insulin level 2 h after PGTT;HOMA-b;HOMA-IR
297EK;CC;AA;AG;Glu/Glu;CT;CT;GG;CC;CC;AA;38;42,0;6,0;6,5;12,5;50,5;125,0;2,1
298EK;CC;AG;AA;Glu/Lys;CC;CT;AG;CC;CC;CC;46;33,6;4,9;8,2;;46,2;71,2;2,6
299EK;CC;AA;AA;Glu/Glu;CT;CT;AG;CT;CG;AA;31;38,6;5,6;7,1;11,8;21,7;;3,0
300EK;CC;AG;AG;Glu/Glu;CT;TT;AA;CC;CC;AA;32;34,6;5,0;8,1;12,1;;93,7;2,3
301EK;CA;AA;GG;Glu/Lys;CT;CC;AG;TT;CG;AA;56;30,8;5,3;8,5;8,3;32,9;118,4;2,9
302EK;CA;AA;GG;Lys/Lys;CT;CC;GG;CC;CC;CC;42;25,9;4,3;8,2;11,2;52,5;131,1;3,0
303EK;CA;AG;AA;Glu/Lys;CT;CT;AA;CC;CC;AC;44;33,7;5,6;5,8;10,9;26,5;46,1;3,1
304EK;CA;GG;GG;Glu/Glu;CC;CT;AA;CT;CG;AC;56;31,2;3,9;7,1;12,3;47,1;86,4;3,0
305EK;CA;AG;AG;Lys/Lys;CC;CT;AG;CC;GG;CC;46;36,2;5,5;6,6;;51,9;139,9;
306EK;CA;AG;AG;Lys/Lys;CC;TT;AA;CT;CC;AC;52;24,2;4,1;8,3;9,6;48,7;88,4;2,0
307EK;CC;AA;AG;Glu/Lys;CT;CC;AG;CT;CG;AA;35;31,5;4,8;7,6;9,0;45,6;104,2;2,6
308EK;CA;GG;AA;Glu/Lys;CC;TT;AG;CT;CC;AA;49;27,6;4,3;6,2;11,7;29,2;113,5;1,9
309EK;CA;AG;AG;Lys/Lys;CC;TT;AG;TT;CC;AA;63;25,9;4,8;7,7;8,4;25,4;64,9;3,0
310EK;CA;GG;GG;Lys/Lys;CT;CT;GG;CT;CG;AA;40;24,7;5,8;5,8;8,3;58,6;132,0;3,3
311EK;CA;GG;GG;Glu/Lys;CT;CT;AA;CC;CC;AA;42;35,4;5,4;7,5;10,0;25,7;114,7;2,8
312EK;CC;AG;AA;Glu/Lys;CC;CC;AA;CC;CC;AA;42;24,9;5,2;7,5;9,7;47,5;43,6;2,7
313EK;CA;AG;AG;Glu/Lys;CT;TT;AA;CT;CG;AA;69;33,3;4,9;7,4;9,1;53,9;62,9;3,1
314EK;CC;AG;AG;Glu/Lys;CC;CT;AA;CT;CG;AC;52;29,5;6,1;6,7;;49,5;150,0;1,9
315EK;CA;AA;AG;Glu/Glu;CT;CT;AG;TT;CG;AA;25;31,1;5,0;6,4;8,9;58,8;123,1;1,8
316EK;CA;AG;AG;Glu/Glu;CC;TT;AA;CT;CG;AA;69;24,6;4,8;7,1;12,2;52,9;47,8;2,0
317EK;CA;AG;GG;Lys/Lys;CT;TT;AA;CT;CG;AC;55;37,6;3,7;7,0;9,6;30,1;64,4;2,4
318EK;CA;AA;AA;Glu/Lys;CT;TT;AG;CT;CG;CC;56;32,6;5,8;7,4;11,2;29,3;31,6;2,1
319EK;CA;AA;AA;Glu/Glu;TT;CT;AA;TT;CG;AA;30;36,6;3,4;7,5;11,9;45,2;81,5;2,6
320EK;CA;GG;GG;Glu/Glu;CC;TT;AA;CT;CC;AA;56;28,7;5,2;6,5;12,3;;84,9;1,8
321EK;CA;GG;AG;Glu/Glu;CC;TT;AA;CC;CC;AC;34;20,1;4,0;7,1;8,7;58,0;;2,4
322EK;CC;AG;AG;Glu/Lys;CC;CT;AG;CC;CG;AA;60;28,2;4,9;6,7;11,5;51,9;77,6;2,8
323EK;CC;AG;AA;Glu/Lys;CT;CT;AA;CC;CC;AA;50;36,5;5,7;8,2;11,9;22,7;80,9;2,3
324EK;CA;AA;GG;Glu/Glu;CT;CT;AA;CT;CG;AA;41;35,6;4,3;6,2;8,2;56,2;83,5;4,1
325EK;CA;GG;AG;Glu/Glu;CT;CT;GG;CC;CG;AA;68;21,7;6,1;7,1;;53,1;71,0;3,2
326EK;CC;AG;GG;Glu/Lys;CC;CT;AG;CT;CC;AA;50;22,7;5,7;6,3;;29,1;86,1;2,0
327EK;CC;AG;AG;Lys/Lys;TT;TT;AA;TT;CG;AA;65;27,4;5,8;7,5;9,0;49,9;113,4;4,5
TK1;CA;GG;GG;Glu/Glu;CC;TT;AA;CC;CG;AA;31;26,5;3,5;6,6;8,6;55,8;76,0;3,8
TK2;CC;AG;AA;Glu/Lys;CT;CT;GG;TT;CG;AA;69;21,2;5,1;7,6;12,0;24,6;128,6;3,6
TK3;CA;GG;AG;Glu/Lys;CT;TT;GG;CT;CG;AA;62;23,2;6,1;8,1;9,6;40,8;133,2;2,9
TK4;CA;AG;AG;Lys/Lys;CC;TT;AA;CC;CG;AA;49;27,4;4,5;7,0;12,4;41,3;;
TK5;CC;AG;AG;Glu/Lys;CC;TT;AG;TT;CC;AC;43;24,7;6,0;8,6;9,6;28,6;63,4;3,0
TK6;CC;GG;GG;Glu/Glu;CC;TT;GG;CT;CC;AC;47;32,0;4,9;7,4;9,5;28,5;105,0;2,0
TK7;CA;AG;AA;Glu/Lys;CC;CT;AA;CT;CG;AA;52;36,2;5,5;8,4;11,4;52,5;112,2;3,6
TK8;CA;AG;GG;Glu/Lys;CT;CT;AA;CT;CG;AA;47;28,5;4,2;7,5;10,7;41,6;98,5;2,9
TK9;CC;AG;AA;Lys/Lys;CC;CC;AA;CT;CG;AA;34;20,8;5,6;5,3;10,8;52,0;85,0;2,0
TK10;CC;GG;AG;Glu/Lys;CC;TT;AA;TT;GG;AA;40;36,1;5,5;7,4;11,3;55,3;137,5;3,5
TK11;CC;GG;AG;Glu/Glu;CC;TT;AA;CT;CC;AC;37;24,0;4,4;7,4;9,6;51,0;73,0;2,3
TK12;CA;AA;AG;Glu/Glu;CC;TT;AG;CC;CG;AA;53;33,2;5,1;5,9;;34,0;71,7;2,3
TK13;CA;GG;AG;Lys/Lys;CC;TT;AG;CC;CG;AA;62;21,3;5,9;6,6;12,5;53,7;144,0;4,9
TK14;CA;AA;AG;Glu/Lys;CC;TT;AG;CT;CC;CC;62;25,8;5,9;7,1;12,1;35,5;69,0;1,9
TK15;CA;AG;AA;Glu/Lys;CC;CT;GG;CT;CG;AA;52;24,5;4,3;6,7;;29,9;140,4;1,9
TK16;CC;AG;AA;Glu/Glu;CT;CT;AG;CT;CC;AA;70;22,3;4,9;6,8;11,1;36,5;114,7;1,9
TK17;CA;AG;AG;Glu/Lys;CC;CT;AG;CC;CC;AC;68;27,2;4,3;7,0;10,1;49,1;119,9;2,0
TK18;CC;AG;AG;Glu/Lys;CC;CT;AG;CT;CG;AA;46;28,8;4,6;6,9;10,7;34,8;126,9;3,1
TK19;CA;AG;AA;Glu/Glu;CT;TT;AG;CT;CG;AA;57;33,7;3,3;6,3;11,4;26,1;144,0;2,6
TK20;CC;AG;AG;Lys/Lys;CC;TT;AA;CT;CC;AC;48;40,7;5,3;6,8;8,7;;80,1;1,6
TK21;CA;AA;AA;Lys/Lys;CT;CC;AG;CC;CC;AC;38;25,5;5,6;5,7;11,0;45,9;97,0;3,0
TK22;CA;AG;AG;Glu/Lys;TT;CT;AA;CT;CC;AA;58;37,4;5,8;7,1;10,6;29,7;44,4;1,6
TK23;CA;AG;AG;Glu/Lys;CT;CT;AA;CT;CC;AA;57;28,1;5,8;5,3;11,8;30,8;72,7;3,0
TK24;CA;AG;AG;Glu/Glu;CC;CT;AA;CC;CC;AC;59;26,0;4,1;7,3;10,0;48,2;;4,3
TK25;CA;AA;AG;Glu/Lys;CT;TT;AA;CC;CC;AA;50;28,1;5,9;6,3;10,1;43,2;90,2;2,9
TK26;CC;GG;AA;Glu/Glu;CT;CT;AA;CC;CG;AC;41;36,1;5,2;7,5;9,9;53,3;110,6;3,2
TK27;CA;GG;AG;Glu/Lys;CC;TT;AA;CC;CG;AA;52;29,1;5,5;6,4;9,2;37,9;56,9;2,8
TK28;CC;AG;AG;Glu/Glu;CT;TT;AA;CC;GG;AA;44;25,5;5,6;7,3;10,1;33,8;128,8;3,0
TK29;CA;AA;AA;Glu/Lys;CT;TT;AA;CC;CC;AC;68;27,0;4,8;7,8;;21,9;101,6;2,9
TK30;CC;AA;AG;Lys/Lys;CC;TT;AA;TT;CC;AA;58;28,8;3,7;8,2;10,3;56,9;117,8;3,4
TK31;CA;AG;AG;Glu/Glu;CT;CT;AA;TT;CC;CC;70;27,9;6,1;7,4;12,5;56,6;138,1;2,7
TK32;CA;GG;AG;Glu/Glu;CC;TT;AA;CC;CG;AA;69;38,1;5,4;6,0;;41,3;131,1;3,8
TK33;CA;AG;AG;Lys/Lys;CC;TT;AG;CC;CC;AA;51;29,4;4,5;6,4;11,8;46,1;58,1;1,9
TK34;CC;GG;AG;Glu/Glu;CC;CT;AA;CC;CC;AC;42;25,3;4,0;6,4;11,2;29,3;115,8;3,9
TK35;CA;AG;AA;Glu/Lys;CC;CT;AA;CC;CG;AA;68;20,3;4,7;7,5;11,4;;125,6;4,2
TK36;CA;AG;AG;Glu/Lys;CC;CT;AA;CC;CG;AA;55;29,4;5,4;6,9;8,4;35,0;114,4;3,7
TK37;CC;GG;AA;Glu/Lys;CT;TT;AA;CT;CC;AA;64;37,6;5,5;5,4;12,3;39,1;123,1;1,7
TK38;CA;AG;AG;Glu/Lys;CT;TT;AA;CC;GG;AA;44;27,0;4,8;7,2;12,7;35,7;121,4;2,9
TK39;CA;AG;GG;Glu/Lys;CC;CT;AG;CT;CC;AA;51;35,0;5,3;6,8;10,3;39,8;135,3;2,8
TK40;CC;AG;GG;Glu/Lys;CC;TT;AA;CC;CC;AA;28;34,9;5,4;6,6;8,8;49,1;86,4;2,4
TK41;CA;AG;AA;Glu/Glu;CT;CT;AG;CC;CC;AA;59;34,9;3,7;7,3;9,7;45,7;131,6;2,2
TK42;CA;AA;AG;Lys/Lys;CC;CC;AA;CC;CG;AA;62;29,5;4,5;6,5;8,8;39,3;133,8;1,5
TK43;CA;AG;AG;Lys/Lys;CC;CT;AG;CT;CG;AA;57;38,4;4,9;7,2;10,2;48,4;;4,9
TK44;CC;AG;AG;Glu/Lys;CT;CT;AA;CT;CG;AA;58;27,7;4,4;6,4;10,0;35,8;101,2;2,3
TK45;CC;AG;AG;Lys/Lys;CC;TT;AA;CT;CG;AC;61;28,8;5,8;6,4;9,7;48,5;108,2;2,3
TK46;CC;AG;AA;Lys/Lys;CT;TT;AA;CC;CC;AC;58;29,5;4,0;5,7;11,3;47,4;45,6;3,9
TK47;CA;GG;AG;Lys/Lys;CC;TT;AA;CC;CG;AA;57;30,6;5,8;6,3;8,5;52,0;75,9;4,5
TK48;CA;AG;AG;Glu/Glu;CC;CT;AG;CC;CG;AC;67;38,2;4,6;7,9;10,0;58,7;;2,2
TK49;CA;GG;AG;Glu/Lys;CC;CT;GG;CT;CG;AA;39;36,4;5,4;7,7;8,9;28,4;80,5;1,7
TK50;CC;GG;AA;Glu/Lys;CC;CT;AA;CC;GG;AA;58;37,9;5,7;8,1;12,7;;87,5;3,5
TK51;CC;AA;AG;Glu/Glu;CC;CC;AA;CC;CC;AA;67;27,2;5,1;8,2;12,3;53,2;87,1;3,8
TK52;CA;AG;AA;Lys/Lys;CC;CC;AA;CT;CC;AC;54;27,2;5,8;6,4;;22,3;118,5;2,2
TK53;CA;AG;AA;Glu/Glu;CC;TT;AG;CT;CC;AC;48;32,2;4,8;6,7;11,4;44,8;84,2;2,5
TK54;CA;AG;GG;Glu/Lys;CC;TT;AA;CC;CC;AA;37;39,6;4,5;6,4;11,8;44,5;58,0;2,7
TK55;CA;AG;GG;Lys/Lys;CC;CT;GG;CT;CG;AC;49;35,9;5,1;8,0;9,3;48,0;88,6;
TK56;CA;AG;AA;Glu/Glu;CT;TT;AA;CC;CC;AA;68;29,0;4,9;7,9;9,1;44,3;40,3;3,5
TK57;CA;AA;AG;Glu/Glu;TT;CT;AA;CT;GG;AA;67;28,1;4,8;7,4;9,2;32,0;94,5;3,4
TK58;CA;AG;AA;Glu/Lys;CC;TT;AG;CC;CC;AA;66;23,3;5,0;8,1;10,7;33,0;45,6;1,9
TK59;CA;AG;AG;Glu/Lys;CT;TT;AG;CC;CC;AC;59;21,8;4,2;7,3;11,2;40,2;108,6;2,9
TK60;CC;AA;AA;Lys/Lys;CT;CC;AA;CT;CG;AA;25;26,3;5,9;6,6;10,8;41,7;96,8;3,4
TK61;CA;AG;AG;Glu/Lys;CT;CC;AG;CC;CC;AA;49;33,8;5,4;5,5;11,7;42,3;116,4;2,1
TK62;CC;AG;AA;Glu/Glu;CC;TT;AA;CT;CC;AA;69;29,5;5,0;6,8;11,2;;103,2;4,2
TK63;CC;AG;AG;Glu/Lys;CT;TT;GG;CC;CC;AA;50;31,0;5,0;8,0;;37,2;92,7;3,2
TK64;CA;AA;AG;Glu/Glu;CT;CT;AA;CC;CC;AC;70;24,6;4,8;5,6;10,7;35,6;127,2;2,2
TK65;CA;AG;AG;Lys/Lys;CC;TT;AG;CC;CG;AA;69;29,3;6,2;7,5;10,8;54,2;84,4;3,0
TK66;CA;AG;GG;Glu/Lys;CT;CT;AG;TT;CC;AA;56;32,6;4,1;7,8;9,0;58,6;;1,8
TK67;CC;AG;AG;Glu/Lys;CC;TT;AG;CC;CC;AA;54;35,5;4,3;7,3;12,5;34,2;;2,4
TK68;AA;AA;AG;Glu/Lys;CT;CT;AA;CC;CG;AC;66;23,6;5,6;8,8;9,5;40,8;132,7;1,6
TK69;CC;GG;GG;Glu/Glu;CC;TT;AG;TT;CG;AC;63;26,9;5,4;7,7;11,5;35,8;122,0;2,7
TK70;CA;AG;AG;Glu/Lys;CT;CT;AG;CT;CC;AA;39;35,7;5,2;;12,1;27,2;122,5;3,1
TK71;CC;AA;AG;Glu/Glu;CC;CT;AA;CT;GG;CC;41;36,1;5,7;6,5;9,8;53,3;65,3;3,9
TK72;CA;AA;GG;Lys/Lys;CC;CC;AG;CC;CC;AC;56;31,4;5,2;6,9;12,1;45,7;125,4;4,5
TK73;CC;AA;AG;Glu/Lys;CT;TT;GG;CC;GG;AC;63;41,6;5,2;7,1;10,0;43,7;67,2;3,3
TK74;CC;AG;AG;Glu/Lys;CC;TT;AG;TT;CC;AA;56;23,1;3,9;7,5;9,4;55,4;136,0;1,6
TK75;CA;AA;AA;Glu/Lys;CC;CT;AA;CT;CG;AC;63;32,7;4,1;5,5;11,7;37,3;116,2;2,0
TK76;CC;AG;AG;Glu/Lys;CC;CT;AG;CC;CC;AA;54;32,1;4,9;6,9;8,5;38,1;127,3;3,5
TK77;CC;AG;GG;Glu/Glu;CC;CT;AA;CT;CC;AA;63;31,0;4,3;7,4;9,7;39,0;132,1;3,3
TK78;CA;AA;GG;Glu/Lys;CT;TT;AA;TT;CC;AA;60;24,8;4,9;7,4;;49,5;67,9;2,9
TK79;CA;AG;AG;Lys/Lys;CT;TT;AG;TT;CC;AC;57;27,8;4,6;6,1;9,7;52,2;101,8;2,9
TK80;CC;GG;AG;Glu/Lys;CC;TT;AG;CT;CC;AA;54;38,2;5,9;5,2;12,8;;81,7;3,4
TK81;CA;AA;AA;Glu/Lys;CC;CT;AG;CC;CG;AA;65;22,0;5,3;7,7;9,6;40,3;140,2;3,2
TK82;CA;AA;AA;Glu/Lys;CC;CT;AA;CT;CG;AC;55;31,9;4,7;6,4;9,6;45,1;97,2;1,9
TK83;CC;AA;AG;Glu/Glu;CT;TT;AA;CC;CG;AA;70;27,9;4,2;6,1;10,3;52,2;103,0;3,1
TK84;AA;AG;AG;Glu/Lys;CT;TT;AA;CT;CG;AA;61;30,3;4,3;7,7;9,2;40,5;142,4;1,9
TK85;CA;AG;AG;Lys/Lys;CC;TT;AA;TT;CC;CC;45;23,7;4,3;7,4;9,3;49,5;73,1;2,2
TK86;CA;AG;AG;Lys/Lys;CC;CC;AG;CC;CG;AA;56;34,5;5,1;6,1;11,0;31,5;146,2;2,6
TK87;CA;AG;AA;Glu/Lys;CC;CT;AA;CC;CG;AA;45;34,1;5,8;6,8;9,0;57,2;121,9;2,4
TK88;CA;AA;AG;Glu/Glu;CC;TT;AA;CT;CG;CC;69;21,4;5,9;7,0;;54,8;38,8;1,6
TK89;CA;AA;AG;Glu/Lys;CT;CT;AG;TT;GG;AC;59;28,5;4,4;6,6;12,4;55,2;132,4;4,3
TK90;CA;AG;GG;Glu/Glu;CC;TT;GG;CT;CG;AA;51;34,1;5,8;7,3;8,9;53,1;149,1;3,6
TK91;CC;AG;AG;Glu/Lys;TT;TT;AG;CC;CC;AC;60;35,2;6,1;6,4;8,6;48,1;87,8;2,5
TK92;CC;AG;AA;Glu/Lys;CC;CT;AG;CT;CG;AC;69;28,0;4,4;7,2;10,2;40,4;66,6;2,2
TK93;CC;AG;AA;Glu/Lys;CT;TT;AG;CT;CC;AC;34;24,9;5,8;6,6;9,6;48,1;143,7;3,0
TK94;CC;AG;GG;Glu/Lys;CT;CT;AG;CC;CC;AA;49;25,9;5,7;6,9;11,2;50,7;68,9;3,5
TK95;CA;GG;GG;Glu/Glu;CT;TT;AG;CT;CC;AA;53;38,5;5,8;6,9;10,8;36,3;116,7;2,7
TK96;CA;AA;AG;Glu/Lys;CC;TT;AA;CC;CG;AA;34;22,1;4,2;6,5;10,9;44,1;114,4;4,3
TK97;CA;AG;AG;Glu/Lys;CC;CT;AG;CT;CG;AC;56;25,8;5,6;7,6;9,9;48,3;77,3;3,3
TK98;CC;AG;GG;Glu/Glu;CC;CT;AA;CC;CG;AC;39;34,0;5,3;6,0;10,3;;147,5;3,4
TK99;CA;GG;AG;Lys/Lys;CT;TT;AG;CC;GG;AC;57;31,7;5,9;6,5;8,2;51,1;107,4;2,3
TK100;CC;GG;AG;Glu/Lys;CC;CT;AA;CC;CC;AA;40;27,0;5,5;6,3;10,0;43,4;;3,3
TK101;CA;AA;AG;Glu/Lys;CT;CT;AA;CT;CC;AC;64;22,6;5,1;7,2;;33,0;66,6;4,1
TK102;CA;AG;AG;Glu/Lys;TT;CT;AA;CT;CC;AA;59;32,0;4,8;7,3;12,4;29,2;80,3;2,4
TK103;CA;AG;AG;Glu/Lys;CC;CT;AA;CC;CG;AA;61;26,5;5,6;6,5;10,2;59,8;;1,6
TK104;CA;GG;AA;Glu/Glu;TT;CC;AG;CC;CC;AA;69;22,6;5,8;6,5;9,8;50,2;104,9;3,1
TK105;CA;AG;AG;Lys/Lys;CC;TT;AG;CC;CC;AA;57;29,6;5,2;5,6;9,5;25,5;136,6;3,4
TK106;CA;AA;AG;Lys/Lys;CC;CC;AA;TT;CG;AA;69;28,9;4,8;6,7;8,5;21,2;66,4;3,5
TK107;CC;AG;AG;Glu/Lys;CC;CT;AG;CT;CG;AC;54;31,0;5,3;6,3;11,3;49,4;109,7;2,1
TK108;CC;GG;AA;Glu/Glu;CT;TT;AA;CT;CC;AA;50;31,7;5,2;8,2;12,7;56,8;115,3;1,9
TK109;CA;AG;AG;Glu/Lys;CC;CT;AA;CC;CG;AC;56;23,2;4,8;6,5;11,5;44,8;112,5;
TK110;CA;AG;AA;Glu/Lys;CC;TT;AA;CT;CG;AA;45;20,7;5,6;6,8;8,2;45,1;143,7;2,3
TK111;CA;AA;AG;Glu/Lys;CT;TT;GG;TT;CC;AA;49;25,2;5,8;7,6;10,5;49,8;126,9;3,9
TK112;CA;GG;AG;Glu/Lys;CC;TT;AG;TT;CC;AC;67;29,0;4,7;6,3;9,4;47,8;40,7;3,4
TK113;CC;AA;AG;Glu/Glu;CT;CT;AA;CT;CG;AA;44;21,3;5,2;7,0;12,6;32,1;93,8;3,3
TK114;CC;AA;AA;Glu/Lys;CC;CC;AG;CT;CC;AC;55;27,8;5,5;7,0;12,0;33,0;121,2;3,9
FK1;CA;AG;AA;Glu/Lys;CC;TT;AG;CT;CG;AC;62;32,0;5,1;6,4;11,0;37,8;70,1;2,3
FK2;CA;AG;AG;Glu/Lys;CT;CT;AA;TT;CG;AC;49;26,2;5,6;5,4;10,9;;77,1;2,3
FK3;CA;AG;AG;Glu/Lys;CC;CC;AG;CC;CC;CC;56;24,6;5,1;6,4;12,3;47,4;107,0;3,9
FK4;CA;AG;GG;Glu/Glu;CC;CT;AG;CT;CC;AC;40;28,2;4,9;6,5;11,8;57,4;60,8;2,1
FK5;CA;AA;AG;Glu/Glu;CT;CT;AA;CC;CC;AA;69;26,7;3,9;7,3;12,4;55,6;47,0;3,6
FK6;CC;AA;GG;Glu/Glu;CC;CT;AA;TT;CC;AA;51;27,2;4,5;6,4;9,0;55,2;94,4;2,8
FK7;AA;AG;AG;Glu/Lys;CC;TT;AA;CC;CG;AA;70;23,5;4,6;6,6;12,4;33,9;108,7;2,7
FK8;CA;AG;AG;Glu/Glu;CC;TT;AA;CC;CG;AA;63;29,0;4,7;6,4;11,1;41,8;136,0;3,3
FK9;CA;GG;AA;Glu/Glu;CT;TT;AA;CC;CG;AA;49;26,8;5,6;5,4;9,2;34,9;84,5;3,2
FK10;CC;AA;GG;Glu/Lys;CC;CT;AG;CC;CC;AC;67;35,0;5,0;7,4;8,8;31,0;122,5;2,4
FK11;CA;AG;AG;Glu/Glu;CT;TT;AA;CC;CC;AA;33;27,4;4,5;5,6;8,9;21,3;69,8;3,9
FK12;CA;GG;AG;Glu/Glu;CC;TT;AG;CT;CG;AA;61;32,3;4,8;6,8;12,3;35,8;112,2;2,9
FK13;CA;AA;GG;Glu/Lys;CC;CC;AG;CC;CG;AC;68;29,3;4,5;7,1;10,5;55,3;81,0;2,3
FK14;CC;AG;AG;Glu/Lys;CT;TT;AG;CC;CG;AA;49;26,9;5,9;5,6;;57,6;49,0;1,7
FK15;CC;AA;AG;Glu/Lys;CT;CT;AG;CT;CC;AA;57;26,9;5,9;6,1;9,3;43,2;67,4;3,5
FK16;CA;GG;AG;Glu/Lys;CC;CT;AA;CC;CG;AC;57;24,7;5,4;7,1;9,4;21,4;90,5;2,4
FK17;CC;AA;AA;Glu/Lys;CC;TT;AA;CT;CC;AA;63;28,8;4,7;7,9;11,5;;120,3;3,1
FK18;CC;GG;AA;Glu/Lys;CT;TT;AA;CT;CC;AC;66;32,1;5,5;7,0;9,7;49,6;109,1;2,4
FK19;CA;GG;AA;Glu/Lys;TT;TT;AG;CC;CG;AA;54;31,3;5,3;6,5;10,5;44,1;71,5;2,5
FK20;CC;AG;AG;Glu/Lys;CT;CT;AA;CC;CG;AA;43;29,8;4,8;7,1;9,5;21,9;114,0;1,8
FK21;CA;AA;AA;Glu/Glu;CC;TT;AA;CC;CC;AA;60;30,5;5,5;6,6;10,6;27,0;135,9;2,1
FK22;CA;AA;AG;Glu/Lys;CC;TT;AA;CT;CG;AA;69;32,4;5,6;7,0;10,9;24,1;97,7;2,5
FK23;CA;AG;AG;Glu/Glu;CC;TT;AG;CT;CC;AA;51;26,7;4,8;7,7;9,7;40,8;41,5;2,6
FK24;CA;AA;AG;Lys/Lys;CT;TT;AA;CC;CC;AC;64;25,4;3,9;7,8;;48,3;97,5;2,8
FK25;CA;GG;AG;Glu/Glu;CC;CT;AA;CT;CC;AA;41;31,6;4,8;7,0;10,7;37,8;119,2;2,0
FK26;CA;AG;GG;Glu/Lys;CT;TT;AG;CC;CG;CC;60;34,4;5,0;7,7;11,9;50,7;103,9;2,4
FK27;CA;AG;AA;Glu/Lys;CC;CC;AG;CC;CG;AA;62;26,7;4,6;7,4;10,2;39,8;;3,5
FK28;AA;AA;AA;Glu/Glu;CT;CT;AG;TT;GG;AC;58;26,7;5,2;7,3;;47,3;121,9;2,3
FK29;CA;AG;AG;Glu/Lys;CC;TT;AA;CT;CC;AA;55;28,1;4,7;8,0;10,5;53,4;132,4;2,7
FK30;CC;AG;AG;Glu/Lys;CC;CC;AA;CT;CC;AA;53;23,1;5,4;7,6;8,3;37,8;97,4;2,5
FK31;CC;GG;GG;Glu/Lys;CT;TT;AG;CT;CG;AA;64;31,5;5,3;8,0;8,6;31,9;111,7;4,7
FK32;CA;AA;AG;Glu/Glu;CC;CT;AG;CT;CG;AC;32;28,3;5,8;6,5;10,4;50,6;58,5;2,3
FK33;CC;AA;AA;Glu/Lys;CC;TT;AA;CC;CG;AA;48;27,4;5,1;7,3;10,5;41,6;47,1;1,8
FK34;CC;AA;AA;Glu/Lys;CC;TT;AA;CT;CG;AA;61;30,1;5,5;5,5;12,1;45,6;80,4;2,7
FK35;CA;AG;AA;Lys/Lys;CC;CT;GG;CT;CG;AA;51;28,9;5,4;7,3;8,3;;104,0;3,2
FK36;CA;AG;AG;Glu/Glu;CT;CC;AG;CC;CC;AA;64;27,8;5,0;6,0;10,0;41,1;122,5;2,4
FK37;CA;AA;AG;Glu/Lys;CC;CC;AG;CC;CG;AA;45;30,3;4,7;7,3;9,7;29,5;;2,0
FK38;CA;AG;AG;Glu/Lys;CC;TT;AG;CT;CG;AC;34;27,0;5,5;5,8;9,4;26,9;148,7;2,8
FK39;CA;AA;AG;Glu/Lys;CC;CT;AA;CC;CG;AC;50;30,7;5,1;6,8;10,1;43,0;113,8;2,0
FK40;CA;AA;AA;Glu/Glu;CT;CT;AG;CT;CC;AA;65;36,0;4,1;7,8;8,3;39,0;74,3;3,9
FK41;CA;GG;GG;Glu/Lys;CT;CT;AG;CC;CC;AA;70;23,4;3,1;6,2;11,9;45,2;96,7;3,0
FK42;CA;GG;AA;Glu/Lys;CT;CT;AG;CC;CC;AA;49;31,2;5,4;7,7;10,2;41,8;132,9;2,8
FK43;CC;AG;AA;Glu/Glu;CC;TT;AA;CT;CC;AA;57;30,4;5,5;7,2;;47,2;84,9;3,1
FK44;CC;AG;GG;Glu/Glu;CC;CC;AA;TT;CC;AA;47;29,0;5,8;6,8;12,5;52,2;102,5;2,1
FK45;CA;AG;AG;Glu/Lys;CC;TT;AA;CC;CG;AA;62;23,3;5,2;6,5;11,1;44,5;53,3;2,7
FK46;CA;AG;GG;Glu/Glu;CT;TT;AG;CT;CC;AC;70;26,7;6,1;6,4;12,4;39,6;108,3;2,3
FK47;CA;GG;AA;Glu/Glu;CT;TT;AG;CT;GG;AC;65;27,0;4,5;6,8;9,7;49,9;57,9;2,9
FK48;CC;AA;GG;Glu/Lys;CC;TT;AG;CC;CC;AA;61;21,8;4,5;8,1;10,6;58,3;82,5;3,0
FK49;CA;GG;AG;Glu/Lys;CC;CT;AA;CT;CC;AC;46;26,0;5,3;6,2;11,3;38,8;72,3;3,2
FK50;CA;AG;AG;Glu/Glu;CT;TT;AA;TT;CG;AC;44;30,4;5,5;7,1;8,7;48,8;60,2;3,1
FK51;CA;AG;GG;Glu/Lys;CC;TT;GG;CC;CG;AA;43;21,7;5,0;7,5;9,9;43,4;68,4;2,5
FK52;CC;GG;AG;Glu/Lys;CT;CC;AG;CC;CG;AA;70;25,4;5,6;5,6;8,3;37,2;76,2;1,7
FK53;CC;AA;AG;Glu/Lys;CT;CT;AG;CT;CC;AA;54;25,1;5,3;8,1;12,7;43,9;75,6;2,0
FK54;CA;AA;AG;Glu/Lys;CC;TT;AA;CC;CG;AA;62;30,9;5,4;6,3;12,5;22,2;68,5;2,6
FK55;CA;AA;GG;Lys/Lys;CT;CT;AA;CC;CG;AA;57;22,1;5,1;5,6;9,5;48,4;56,1;2,2
FK56;CA;GG;AG;Lys/Lys;CT;CC;AA;CT;CC;AC;67;27,6;4,4;7,3;11,0;54,6;114,4;2,1
FK57;CA;AG;GG;Glu/Lys;CC;CT;AA;CT;CC;AA;33;35,7;5,9;7,1;9,2;45,4;73,1;1,6
FK58;CA;GG;AG;Glu/Glu;CT;CT;AA;CC;CG;AC;29;26,0;5,4;6,4;9,8;50,4;74,5;2,6
FK59;CA;AG;AG;Glu/Lys;CC;TT;AA;CC;CG;AA;47;22,1;4,4;7,9;11,7;;;1,9
FK60;CA;AA;AG;Glu/Lys;CT;CT;GG;CC;CG;AA;38;26,1;4,2;7,6;9,3;55,1;137,0;3,1
FK61;CC;AG;AG;Glu/Glu;CT;TT;AA;CC;CG;AA;49;29,3;5,0;6,4;12,6;51,1;126,8;2,6
FK62;CA;AG;AG;Glu/Lys;CC;CT;AG;CT;CC;AC;55;34,8;5,6;7,6;10,5;40,3;134,4;2,4
FK63;CC;GG;AG;Glu/Glu;CC;TT;AG;CT;CG;AA;63;27,2;4,7;7,9;8,5;28,6;149,1;3,3
FK64;CA;AA;GG;Glu/Lys;CC;TT;AG;CT;CG;AA;59;24,6;4,5;7,9;11,8;37,4;127,3;2,0
FK65;CA;AA;GG;Glu/Glu;CT;CT;AG;CT;CG;AA;62;26,8;5,4;5,4;11,7;41,0;69,2;2,7
FK66;CC;GG;AG;Glu/Glu;CC;CT;AA;CC;CG;AC;58;22,8;6,2;8,0;8,6;48,8;123,6;2,0
FK67;CA;AG;AA;Glu/Glu;CC;TT;AA;CC;CC;AA;52;29,3;5,1;7,4;11,1;47,2;49,8;3,0
FK68;CA;AG;AG;Glu/Lys;CC;CT;AG;CC;CG;AC;59;36,3;6,0;5,4;;46,6;101,6;2,3
FK69;CA;AG;GG;Glu/Lys;CC;TT;AA;CC;CG;AC;38;37,3;5,8;6,1;11,6;56,6;96,0;3,9
FK70;CA;AA;GG;Glu/Lys;CC;CT;AG;CC;CG;AA;38;31,7;5,1;6,4;12,2;20,6;71,6;2,4
FK71;CC;GG;AG;Glu/Lys;CT;CT;GG;CC;CG;AA;62;22,9;4,6;6,0;11,1;49,9;115,2;2,0
FK72;CA;AG;AA;Glu/Glu;CC;CT;AG;CT;CC;AA;54;25,6;4,0;8,5;12,0;27,1;107,8;2,5
FK73;CC;GG;AA;Glu/Glu;CC;TT;GG;CT;CC;AA;58;34,9;5,0;5,6;10,1;30,8;137,8;3,0
FK74;CA;AG;AG;Glu/Lys;CT;CC;AA;CC;CG;AA;60;23,8;6,0;7,9;9,6;;;2,4
FK75;CC;AA;AG;Glu/Glu;TT;CT;AA;CT;CG;AA;45;27,4;4,9;6,4;10,4;26,2;58,3;3,4
FK76;CA;AG;GG;Lys/Lys;CT;TT;AA;CT;CG;AA;60;31,6;4,5;6,9;9,9;44,1;;2,4
FK77;CC;AG;AG;Glu/Lys;CC;CC;AG;CT;CC;AA;54;20,7;5,1;6,8;9,5;54,4;60,8;2,2
FK78;CA;AA;AA;Glu/Lys;CT;TT;AG;CC;CG;AA;63;29,4;5,2;6,6;12,7;43,0;136,6;2,0
FK79;CA;AG;GG;Glu/Lys;CC;TT;AG;CT;CC;AC;38;24,5;5,7;7,6;9,4;40,1;106,7;2,7
FK80;CA;AA;GG;Glu/Glu;CT;CT;GG;CC;CC;AC;68;28,7;5,6;7,0;;32,3;67,1;3,2
FK81;CC;AA;AG;Glu/Lys;CC;CT;AG;CT;CC;AA;68;27,1;5,6;6,4;10,1;20,6;;2,0
FK82;AA;AG;AG;Glu/Lys;CC;CT;AA;CT;CG;AC;53;30,9;5,1;7,1;11,2;43,6;97,5;2,1
FK83;CC;GG;AG;Glu/Lys;CT;TT;AG;CT;CC;AC;47;33,7;5,6;7,3;9,0;38,2;71,7;2,5
FK84;CA;AA;AG;Glu/Lys;CC;CT;AA;CC;CG;AA;39;25,1;4,3;6,8;9,0;56,6;99,0;2,0
FK85;CA;AG;AG;Lys/Lys;CT;CT;AA;CT;CC;AA;68;27,9;5,2;6,8;8,8;43,4;79,3;2,6
FK86;CC;AG;AA;Glu/Glu;CC;CT;AA;CT;CC;AA;67;22,1;4,1;6,1;11,7;43,0;50,4;2,8
FK87;CA;GG;GG;Glu/Lys;CT;TT;AA;TT;CG;AC;50;31,7;5,7;5,9;8,6;37,5;54,2;4,8
FK88;CA;AA;AG;Glu/Lys;CC;CC;AG;CC;CG;AA;68;26,5;4,5;7,6;8,6;29,8;88,5;3,5
FK89;CA;AA;AG;Glu/Lys;CC;CT;AA;CC;CG;AA;45;22,1;6,0;7,4;9,9;49,0;99,7;2,8
FK90;CC;GG;AA;Glu/Lys;CC;CT;AA;CC;CG;AA;51;37,3;4,7;6,8;11,4;28,1;77,2;4,1
FK91;CC;AA;GG;Glu/Lys;CT;TT;GG;CC;CC;AA;52;32,4;5,5;6,9;9,2;40,7;136,2;3,3
FK92;CA;AG;AG;Glu/Lys;CC;CT;AG;CC;CG;AA;30;32,7;5,1;7,6;;43,3;136,0;3,1
FK93;CA;AA;AG;Glu/Glu;CC;CT;AA;CT;CG;AA;69;33,8;4,7;7,2;11,0;31,4;136,7;2,7
FK94;CC;AG;AG;Glu/Glu;CC;CT;AA;CC;CG;AA;63;36,6;4,8;9,4;12,4;52,5;58,6;3,2
FK95;CC;AG;AG;Lys/Lys;CC;TT;AG;CC;CC;AA;68;27,6;5,8;7,1;8,6;;116,7;4,1
FK96;CA;AG;AA;Glu/Glu;CT;TT;AG;CC;CC;AA;60;29,3;4,3;6,5;8,5;39,6;112,8;2,1
FK97;AA;AG;GG;Glu/Lys;CC;TT;AA;CT;CC;AC;59;34,8;5,7;6,7;10,2;50,5;94,9;3,1
FK98;CA;AA;GG;Glu/Lys;CT;TT;GG;CC;CG;AA;37;28,0;4,9;8,4;10,6;40,7;124,8;3,5
FK99;CC;AA;AG;Glu/Glu;CT;CT;AA;CC;CC;AC;34;30,4;5,6;7,0;;51,5;104,5;2,0
FK100;AA;GG;AG;Glu/Glu;CC;CT;AG;CT;CC;AC;34;24,3;6,1;7,0;12,2;49,3;;1,9
FK101;CA;AG;GG;Glu/Lys;CT;TT;AG;CT;GG;CC;52;25,1;5,3;7,5;9,4;55,8;81,4;2,2
FK102;CA;AA;AG;Lys/Lys;CC;TT;AG;TT;CG;AA;46;38,7;4,8;5,3;12,0;36,7;132,8;2,7
FK103;CC;AG;AG;Glu/Lys;CT;TT;AA;CC;CG;AC;64;31,7;5,3;7,4;8,4;33,8;73,5;3,3
FK104;CC;AA;GG;Glu/Glu;CT;CT;AA;CC;GG;AA;42;25,5;5,2;;9,5;35,4;36,5;4,1
FK105;AA;AA;AA;Lys/Lys;CC;CT;AG;CT;CC;AA;61;26,3;5,5;7,3;9,1;20,7;140,0;3,6
FK106;CA;AG;AG;Lys/Lys;CT;TT;AA;CC;CC;AC;49;32,1;5,8;6,9;9,1;27,9;37,5;2,8
FK107;AA;AG;AG;Glu/Lys;CC;CT;AA;CT;CC;AA;60;37,9;4,9;6,6;11,3;23,0;75,0;3,0
FK108;CA;AG;AG;Lys/Lys;TT;TT;AA;CC;CG;AC;57;25,6;6,0;8,0;10,2;33,9;111,2;2,0
FK109;CA;AG;AA;Glu/Lys;CC;TT;AA;TT;CC;AA;50;30,2;4,1;7,2;10,7;23,2;109,7;3,1
FK110;AA;AA;GG;Glu/Glu;TT;CC;AA;TT;CC;AC;33;22,1;5,2;6,0;8,4;;97,9;3,0
FK111;CA;AG;GG;Glu/Lys;CC;CT;AG;CT;CG;AA;66;25,9;4,8;8,4;11,5;33,6;148,5;2,4
FK112;CA;AG;AG;Glu/Glu;CC;TT;AG;TT;CG;AA;58;31,6;4,7;7,2;12,5;44,1;44,0;2,9
FK113;CA;AG;GG;Glu/Lys;CT;TT;AG;CC;CG;AC;42;28,4;4,5;6,9;11,0;41,6;65,5;2,6
FK114;CA;AA;AG;Lys/Lys;CT;TT;AA;CC;CC;AA;59;27,6;4,4;6,5;12,6;57,6;115,0;3,6
FK115;CA;AG;AA;Glu/Lys;CC;TT;AA;CT;GG;AA;69;31,5;5,2;6,8;8,5;29,4;77,7;
FK116;AA;AG;GG;Glu/Lys;CT;CT;AA;CT;CC;AA;39;29,5;4,1;6,9;12,6;30,1;72,7;2,8
FK117;CC;GG;AG;Glu/Lys;CC;CT;AG;CT;CC;AA;63;33,7;5,8;6,9;9,9;48,3;;2,3
FK118;CA;AG;AG;Glu/Glu;CC;TT;AG;CT;CC;AA;52;26,6;5,6;6,7;11,1;50,5;88,3;2,1
FK119;CA;AG;AG;Lys/Lys;CT;CT;AA;CT;CG;AA;63;27,5;5,2;5,3;10,9;44,8;90,0;3,7
FK120;CA;AG;AG;Glu/Glu;CC;CC;AA;CT;CC;AA;44;33,6;4,6;8,7;8,9;56,4;94,8;3,9
FK121;CA;AG;GG;Glu/Lys;CC;TT;AG;CC;CC;AA;47;31,1;4,6;6,5;10,9;33,3;80,2;2,2
FK122;CA;AG;AA;Glu/Glu;CC;CT;AG;CC;CG;AA;33;41,6;5,7;7,6;;23,5;122,0;2,1
FK123;CA;GG;AG;Lys/Lys;CT;CT;AA;CT;CC;CC;53;23,2;5,2;6,1;9,3;41,6;118,9;1,6
FK124;CA;AG;AA;Glu/Lys;CC;CT;AG;CC;CC;AC;58;30,8;5,1;7,1;9,2;47,5;40,6;2,2
FK125;CA;AG;AG;Lys/Lys;CT;TT;AA;CT;CG;CC;65;20,5;5,9;7,2;9,9;48,6;30,9;2,9
FK126;CC;AG;AG;Glu/Glu;CT;CT;AG;CT;CC;AA;48;25,7;5,3;7,8;;40,9;58,5;2,4
FK127;CC;GG;GG;Glu/Lys;CT;CC;AA;CT;CG;AA;59;33,1;4,9;7,0;10,8;20,1;111,7;4,1
FK128;CA;AA;AG;Glu/Lys;CC;CT;GG;CT;CG;AC;40;23,2;5,5;8,6;8,5;47,6;37,5;2,9
FK129;CC;AG;AG;Glu/Glu;CC;TT;AG;CC;CC;AC;63;32,4;5,0;6,0;10,1;43,1;41,3;4,6
FK130;CA;AG;AG;Glu/Lys;CC;TT;AG;CT;CC;AC;52;27,1;4,8;6,4;12,4;30,2;83,4;2,6
FK131;CC;GG;AG;Glu/Glu;TT;CT;AA;CT;CG;AC;70;23,6;4,5;7,6;11,8;32,0;70,7;2,5
FK132;CC;AA;GG;Glu/Glu;TT;CC;AA;CT;CG;AA;61;31,5;5,4;6,3;8,9;53,1;47,6;1,5
FK133;CA;AG;GG;Glu/Lys;CC;CT;AA;CC;CG;AC;66;39,9;4,9;6,8;10,0;46,2;134,9;3,1
FK134;CC;GG;GG;Glu/Glu;CC;CC;AA;CT;CC;AA;63;25,2;5,3;8,1;11,3;;;3,6
FK135;CA;AG;AA;Glu/Lys;CC;TT;AA;CT;CG;AA;55;22,1;3,7;6,7;10,1;45,7;64,5;3,8
FK136;CC;AA;AG;Glu/Lys;CC;TT;AA;CT;CG;AA;53;21,4;5,0;7,2;9,0;49,8;109,3;2,2
FK137;CC;AG;AG;Glu/Lys;CC;CC;AA;CT;CG;AA;56;23,9;4,7;6,6;12,2;34,0;119,5;2,7
FK138;CA;AG;AA;Glu/Lys;CT;TT;AA;CT;CC;AC;46;29,9;5,8;6,6;10,6;51,7;49,6;3,9
FK139;AA;AG;AG;Glu/Glu;CC;TT;AG;CC;GG;AA;25;28,9;5,2;8,1;11,6;46,2;39,2;3,2
FK140;CA;AG;AG;Glu/Lys;CT;CT;AA;CC;CC;AA;46;39,5;5,2;7,6;10,2;48,1;71,4;3,5
FK141;CA;AA;AA;Glu/Lys;CC;TT;AG;CT;CC;AA;53;32,9;5,2;6,9;10,1;34,7;74,8;2,2
FK142;CC;GG;AA;Glu/Lys;CT;TT;AA;CC;CG;AA;70;36,1;5,0;7,3;;21,1;149,1;2,1
FK143;CA;AA;AG;Glu/Lys;CC;TT;AA;TT;CG;AA;63;32,1;5,1;7,3;10,4;43,4;92,1;3,4
FK144;CC;AG;AA;Glu/Glu;CC;CT;AA;CT;CG;AA;35;31,5;5,2;7,5;8,4;43,0;95,6;2,2
FK145;CC;AG;AG;Glu/Lys;CT;TT;AG;CC;CG;AA;63;28,1;5,1;7,1;12,8;50,2;61,9;3,5
FK146;CA;AG;GG;Glu/Glu;CC;CT;AA;TT;CC;AA;53;24,3;5,6;6,9;;37,8;32,5;2,0
FK147;CC;AG;GG;Glu/Glu;CC;TT;AG;CT;CC;AA;44;23,5;4,0;7,6;9,0;41,1;87,4;2,7
FK148;CC;AG;AG;Glu/Glu;CC;CT;AG;CT;CC;AA;58;27,1;5,7;6,7;10,7;29,1;101,4;2,9
FK149;CA;AG;AG;Glu/Glu;CC;CT;AG;TT;CG;AC;62;28,2;4,7;7,3;10,2;46,0;55,2;2,4
FK150;CA;GG;AG;Glu/Lys;CC;CT;AA;CC;CG;AA;65;32,0;4,8;7,4;9,8;36,9;120,3;3,0
FK151;CA;AG;AG;Glu/Lys;CC;CT;AA;CT;CC;AA;66;26,0;4,7;6,1;9,8;22,5;85,0;2,2
FK152;CA;GG;GG;Glu/Lys;CT;CT;AG;CC;CG;AC;70;25,0;5,3;7,2;11,2;57,7;71,0;4,3
FK153;CC;AA;AG;Glu/Lys;CC;CT;GG;CC;CG;AA;67;32,4;5,6;7,7;11,5;54,5;86,1;2,4
GK1;AA;AA;AG;Glu/Lys;CT;CT;AG;TT;CC;AA;60;26,1;3,9;7,8;10,2;59,8;47,7;3,0
GK2;CC;AG;AG;Glu/Lys;CC;TT;AA;CC;CC;AA;60;28,5;6,0;6,9;9,2;50,0;69,7;2,3
GK3;CA;AG;GG;Lys/Lys;CT;CC;AA;CC;CG;AA;69;25,8;5,3;6,9;9,6;57,3;75,7;2,9
GK4;CC;GG;AA;Glu/Glu;TT;TT;GG;CT;GG;CC;63;29,1;6,1;6,5;8,5;50,0;55,9;2,6
GK5;CA;GG;GG;Glu/Lys;CT;TT;AA;CT;CC;AA;57;32,4;5,5;5,6;9,8;49,5;100,0;2,6
GK6;CA;AG;AG;Glu/Lys;CC;TT;AA;CC;CC;AA;45;23,1;5,8;6,2;12,5;49,5;133,0;2,0
GK7;CC;AG;AG;Lys/Lys;CT;CT;AG;CT;CG;AA;60;22,9;5,7;6,0;8,6;33,3;;2,2
GK8;CC;AG;AA;Glu/Glu;CT;CT;AA;CT;CC;AC;37;36,4;6,0;6,8;9,7;31,3;146,3;3,8
GK9;CA;GG;AA;Glu/Lys;CC;CC;GG;CT;CG;AC;70;24,9;5,6;5,5;8,4;43,7;129,7;3,5
GK10;CC;AA;AG;Lys/Lys;CT;TT;AG;TT;CG;AA;67;32,9;5,1;8,4;;52,1;77,1;1,7
GK11;CA;AG;AG;Glu/Glu;CC;CT;GG;CT;CC;AA;51;23,6;5,3;8,4;9,7;45,9;40,5;2,0
GK12;CA;AG;AG;Glu/Glu;CC;CT;GG;CT;CG;AC;67;25,7;4,5;6,1;12,1;29,5;99,2;1,8
GK13;CC;AG;AG;Glu/Lys;CT;CT;AA;CT;CC;AC;42;29,5;6,0;6,7;9,5;58,0;74,4;
GK14;CC;AA;AG;Glu/Lys;CC;CT;AA;CC;CG;AA;53;25,1;6,1;6,9;8,6;58,0;37,2;2,6
GK15;CC;AA;AG;Glu/Lys;CC;CC;AG;CT;CG;AC;46;32,6;5,7;5,6;10,5;26,9;113,3;2,4
GK16;CA;AG;AG;Glu/Glu;CC;TT;AA;CC;CG;AC;55;22,3;5,2;6,2;9,2;43,5;49,7;3,2
GK17;CC;AG;AA;Glu/Lys;TT;CT;AG;CC;CG;AC;52;20,3;5,3;6,9;8,3;;140,7;2,8
GK18;CA;AG;GG;Glu/Lys;CC;TT;AG;CC;CC;AA;48;30,8;4,4;7,8;;43,1;91,6;2,3
GK19;CA;AG;AA;Glu/Lys;CC;TT;AA;CT;GG;AA;47;33,3;4,8;5,9;9,4;24,8;100,9;2,4
GK20;CC;AG;AA;Glu/Glu;CC;TT;AA;CC;CC;AA;41;31,0;4,9;6,8;8,2;43,5;136,2;2,9
GK21;CA;GG;AA;Glu/Glu;CC;CT;AA;CC;CG;AC;49;24,8;5,3;6,9;11,4;29,6;100,6;3,3
GK22;CC;AA;AG;Glu/Lys;CC;CT;AA;CT;CC;AA;70;28,9;3,9;6,3;8,9;32,5;74,9;1,9
GK23;CA;AA;AG;Glu/Lys;CC;TT;AA;CC;CC;AA;66;29,9;5,4;6,8;;48,3;107,8;1,7
GK24;CA;AG;AG;Glu/Lys;CC;CT;AA;CT;CG;AA;54;35,3;5,4;6,3;12,3;35,3;55,5;3,2
GK25;CA;AA;GG;Lys/Lys;CC;TT;AG;CC;CC;AA;47;28,4;4,8;6,8;11,9;57,3;121,3;3,0
GK26;CA;AA;AA;Glu/Lys;CC;CT;AA;CT;CC;AA;66;27,6;3,9;7,2;8,2;58,6;141,2;2,7
GK27;AA;AG;AA;Glu/Lys;CC;TT;AA;CC;CG;AC;34;23,4;4,9;6,9;11,1;34,3;103,6;3,2
GK28;CA;AG;AA;Glu/Lys;CC;CC;AG;CT;CG;AA;53;23,1;6,1;;10,7;50,0;64,8;3,0
GK29;AA;AG;AA;Lys/Lys;CT;TT;AG;CC;CC;AC;25;22,2;5,8;6,3;9,3;53,6;87,8;3,8
GK30;CA;AA;AG;Glu/Lys;CC;TT;AG;TT;CC;AA;67;30,6;5,7;7,6;10,5;38,2;92,9;1,9
GK31;CA;AG;AA;Glu/Lys;CT;TT;AG;CC;GG;AA;45;21,1;6,2;7,4;;45,8;127,7;
GK32;CC;GG;AA;Glu/Lys;CC;CC;AA;CC;CG;AA;53;33,6;5,0;6,9;11,8;49,8;67,1;2,7
GK33;CA;AG;AG;Glu/Lys;CC;TT;AA;CT;CC;AA;69;21,8;5,0;7,1;8,9;34,3;103,1;3,6
GK34;CA;AA;AA;Glu/Glu;CC;CT;AA;CT;GG;AC;63;31,2;4,3;5,9;10,0;51,7;97,6;4,4
GK35;CA;AG;AG;Glu/Lys;CC;CT;AA;CC;CG;AA;40;27,9;5,6;6,3;11,1;40,9;132,8;2,8
GK36;CC;AA;AG;Glu/Glu;CC;TT;GG;CC;CC;AA;66;21,3;5,6;6,4;8,2;31,1;79,5;2,1
GK37;CC;AA;AA;Lys/Lys;CC;CT;AA;TT;CG;AC;58;20,5;5,6;5,9;9,8;53,9;129,4;2,1
GK38;CA;AA;AG;Glu/Lys;CT;TT;AG;CT;CC;AA;49;32,3;5,5;6,1;9,2;38,5;56,1;3,5
GK39;CA;AA;AA;Glu/Lys;CC;CT;AA;CT;CG;AC;70;30,4;5,3;8,9;12,5;34,6;130,6;2,7
GK40;CA;AG;AG;Glu/Lys;CT;TT;GG;CT;CG;AA;69;31,1;5,6;7,1;11,0;51,4;49,4;2,4
GK41;CA;AG;GG;Glu/Lys;CC;CT;AG;CC;CG;AA;26;22,5;4,2;6,3;12,7;48,8;132,2;3,2
GK42;CA;AG;AA;Lys/Lys;CT;CT;AA;CT;CG;AA;61;29,6;4,9;7,4;10,4;27,1;114,4;2,6
GK43;CA;AG;AA;Glu/Lys;CC;TT;GG;CC;GG;AA;63;32,0;3,5;5,9;;27,6;58,2;2,3
GK44;CC;AA;AA;Glu/Lys;CT;TT;GG;CC;CG;AC;51;28,3;5,2;7,7;12,3;32,0;50,2;2,6
GK45;CA;AG;AG;Glu/Lys;CC;CT;AA;CT;CG;AA;35;23,8;5,8;6,3;12,8;23,3;81,9;2,0
GK46;CA;AG;AA;Lys/Lys;CC;CT;AA;CT;CG;AA;47;25,4;5,5;7,1;11,6;58,7;133,0;2,8
GK47;CA;GG;AG;Lys/Lys;CC;TT;AA;TT;CG;AC;47;23,9;4,8;6,7;11,7;53,5;118,6;3,2
GK48;AA;AG;AG;Glu/Lys;CC;TT;AA;CC;CG;AA;60;28,8;4,8;5,9;11,5;37,9;120,3;1,9
GK49;CC;AA;AG;Glu/Lys;CC;CT;AG;CC;CC;AC;44;23,9;3,9;6,7;8,8;46,0;87,0;1,6
GK50;CC;AG;AG;Glu/Lys;CC;TT;AG;CT;CG;AA;61;37,6;5,1;6,9;10,8;31,4;74,2;3,2
GK51;CC;AA;GG;Glu/Lys;CC;CT;AG;CT;CG;AA;56;28,6;4,7;7,4;11,3;49,5;100,7;3,0
GK52;CA;AG;AG;Lys/Lys;CT;CC;GG;CT;CC;AC;53;25,6;6,0;7,6;10,4;37,0;149,9;2,2
GK53;CA;AA;GG;Glu/Lys;CC;CT;AA;CT;CG;AA;59;27,3;4,6;6,5;8,8;;63,7;3,5
GK54;CA;GG;GG;Lys/Lys;CC;TT;AG;CT;CC;AA;57;22,1;6,1;7,0;10,8;26,0;72,0;3,4
GK55;CA;AA;AA;Glu/Glu;CC;CT;AA;CT;CG;AC;58;24,4;5,0;7,1;12,6;49,2;111,6;2,2
GK56;CC;GG;AG;Glu/Lys;CC;CT;AG;CC;CG;AA;69;23,0;5,5;6,9;8,4;41,4;44,9;3,3
GK57;CA;AA;AG;Glu/Lys;CC;CC;AA;TT;CG;AA;64;23,4;5,0;6,7;9,7;36,4;51,6;3,3
GK58;CC;GG;AG;Glu/Lys;CC;CT;AA;CC;CG;AC;54;30,1;4,9;7,9;;29,5;32,1;2,8
GK59;CC;GG;AG;Glu/Lys;CT;TT;AG;CT;CG;AA;63;25,2;5,1;5,5;10,8;31,5;;1,9
GK60;CA;AG;AG;Glu/Glu;CT;CT;AA;CT;CG;AC;67;30,8;5,0;5,6;8,4;40,6;121,2;3,0
GK61;CA;AG;AA;Lys/Lys;CC;CT;AG;CT;CC;AA;50;21,0;4,3;6,3;9,8;57,1;114,8;1,8
GK62;CA;AG;AG;Glu/Lys;CT;CC;AG;CT;CC;AA;33;22,2;5,2;6,6;8,6;35,3;102,7;3,9
GK63;CA;AA;AG;Glu/Lys;CT;CC;GG;CC;CG;AC;53;31,7;4,1;6,0;10,7;47,6;115,3;3,2
GK64;CC;AA;AG;Lys/Lys;CT;TT;GG;CT;CG;AA;62;22,6;5,6;6,6;9,1;26,5;104,6;3,9
GK65;CA;GG;AG;Glu/Glu;CT;TT;AA;CT;CG;AA;64;33,8;4,5;7,3;11,2;37,6;85,9;3,6
GK66;CA;AG;GG;Lys/Lys;CC;TT;AG;CT;CC;AA;55;28,3;5,4;6,1;10,6;37,2;38,8;2,9
GK67;CA;AG;GG;Glu/Lys;CC;CT;AG;CT;CC;AA;65;32,2;4,6;5,9;11,8;25,9;111,6;3,4
GK68;CA;AG;AG;Glu/Lys;CC;TT;AG;CT;GG;AA;68;26,3;5,2;7,4;12,4;27,4;131,2;1,5
GK69;CA;AG;GG;Glu/Glu;CC;TT;AA;CT;CG;CC;52;26,9;4,5;6,5;10,3;37,3;110,9;2,6
GK70;CA;AG;AG;Glu/Lys;CC;TT;AA;CC;CC;CC;43;36,7;5,2;7,1;8,8;42,7;122,4;3,1
GK71;CC;AA;AA;Glu/Lys;CC;TT;AA;CT;CC;AA;48;39,6;4,0;7,1;8,4;39,2;59,3;3,4
GK72;AA;AA;GG;Lys/Lys;CC;TT;AG;CC;CG;AA;56;39,4;5,7;6,0;8,3;34,3;59,0;4,0
GK73;CC;GG;AA;Glu/Lys;CT;CT;AA;CC;CC;CC;67;23,0;5,4;;8,3;59,1;59,7;3,1
GK74;CA;GG;AG;Glu/Lys;CC;CT;AG;TT;CG;AA;67;22,5;5,7;8,1;12,3;24,0;56,7;2,8
GK75;CA;AG;AG;Glu/Lys;CC;CT;AG;CT;CC;AA;65;22,4;5,5;7,1;10,7;34,8;83,4;3,4
GK76;CC;AG;GG;Glu/Lys;CC;TT;AG;CT;CC;CC;68;21,5;5,0;7,7;12,5;44,3;108,8;3,3
GK77;CA;AA;AA;Glu/Lys;CC;TT;AA;TT;GG;AA;57;34,6;4,5;5,9;12,2;39,0;136,1;4,2
GK78;CA;AG;AA;Glu/Lys;CC;CT;AG;CT;CG;AA;69;29,5;5,9;6,6;9,5;33,1;40,6;3,0
GK79;CA;AG;AG;Glu/Lys;CC;CT;AA;CT;CC;AA;62;24,9;4,8;7,0;12,3;59,8;60,9;3,9
GK80;CA;GG;AA;Lys/Lys;CT;TT;AA;CC;CG;AA;61;25,5;5,7;8,4;11,7;57,6;68,4;2,5
GK81;CA;AG;AA;Glu/Glu;CC;TT;AG;CT;CC;AA;42;32,6;5,2;7,9;10,9;42,9;116,4;3,0
GK82;CA;AG;GG;Glu/Lys;CC;CT;AA;CT;CC;AA;37;29,0;4,7;6,9;12,8;39,4;81,7;2,6
GK83;CA;AG;AA;Lys/Lys;CC;TT;AG;CT;CC;AA;52;37,4;5,3;7,3;11,5;24,2;72,6;3,7
GK84;CA;AG;AG;Glu/Lys;CT;TT;AA;CT;CC;AA;52;32,9;3,9;7,4;9,5;20,9;104,1;1,6
GK85;CA;GG;AG;Lys/Lys;CC;CT;AA;CT;CC;CC;55;38,8;5,1;6,3;11,9;25,5;126,7;2,6
GK86;CA;AG;AG;Glu/Lys;CT;TT;GG;CT;CC;AA;55;29,6;5,1;6,3;11,0;;87,6;3,0
GK87;CC;GG;AG;Glu/Lys;CC;TT;AG;CC;CG;CC;65;23,7;5,2;6,9;12,3;51,8;119,2;2,3
GK88;CC;AG;GG;Glu/Glu;CC;TT;AG;CC;CG;AA;43;24,6;4,1;7,5;9,9;47,7;63,0;2,0
GK89;CC;AA;GG;Glu/Glu;CT;TT;AG;CC;CC;AA;52;23,6;4,4;6,2;10,8;52,6;107,7;1,7
GK90;CA;AA;AG;Glu/Lys;CC;CT;AA;CT;CG;AA;52;26,5;4,8;7,2;;29,9;;2,5
GK91;CA;AG;AG;Glu/Lys;CC;CC;AG;CT;CC;AA;56;25,7;5,0;9,0;9,3;37,1;114,0;3,0
GK92;CA;AG;AG;Glu/Lys;CT;TT;AA;CT;CC;AC;69;25,8;4,5;7,4;10,8;31,0;119,7;3,1
GK93;CA;AG;GG;Glu/Lys;TT;CT;AA;CC;CG;AA;67;24,0;5,2;7,5;11,5;;140,1;1,9
GK94;CA;AG;AG;Lys/Lys;TT;TT;AA;CC;CG;AA;40;22,9;5,3;5,3;9,9;57,0;102,6;2,8
GK95;CC;AG;AA;Glu/Lys;CT;TT;GG;CT;CC;AC;56;29,9;4,9;7,4;9,4;40,0;92,9;3,9
GK96;CC;AG;AG;Glu/Lys;CC;CT;AA;CC;CC;AA;66;25,6;4,7;6,2;9,2;26,7;148,7;1,8
GK97;CA;AA;AA;Glu/Lys;CC;TT;AA;CT;CC;AA;50;26,4;5,5;5,7;12,7;58,9;35,8;2,0
GK98;CA;AA;AG;Glu/Lys;CT;CT;AG;CC;CC;AC;31;31,3;5,1;7,2;9,6;32,6;48,5;3,6
GK99;CA;AG;AG;Glu/Lys;CT;TT;AA;CC;CG;AA;34;29,3;4,3;8,4;9,2;37,8;129,6;3,3
GK100;CA;AG;AG;Glu/Lys;CC;CT;AA;CC;CC;AC;56;31,7;5,2;8,3;9,8;33,4;83,0;2,9
GK101;CA;AG;GG;Glu/Glu;CC;CT;AG;CT;CG;AA;70;31,9;4,5;7,4;12,2;59,7;126,6;3,1
GK102;CA;GG;GG;Lys/Lys;CC;CT;AG;CT;CG;AA;53;29,9;5,3;7,6;9,8;24,7;140,8;2,3
GK103;CC;AG;AA;Glu/Lys;CT;TT;AG;CT;CG;AA;64;28,5;4,4;6,2;11,5;59,3;89,1;2,0
GK104;CC;GG;AG;Glu/Lys;CC;TT;AG;CT;CC;AA;59;29,3;5,8;7,4;12,4;37,5;57,7;2,3
GK105;CA;AG;AA;Glu/Lys;TT;TT;AA;CC;CG;AA;46;31,2;4,9;5,7;12,7;51,6;85,8;4,2
GK106;AA;AG;GG;Glu/Glu;CC;TT;AA;CC;CG;AA;59;22,5;4,1;6,7;9,3;49,8;73,0;2,2
GK107;CC;AA;AG;Glu/Lys;CT;CC;AG;TT;CC;AC;58;24,4;5,4;7,8;10,3;46,1;49,9;3,8
GK108;CA;GG;AG;Glu/Lys;CC;TT;AA;CC;CC;AC;63;30,8;4,8;5,5;11,1;24,1;103,0;3,3
GK109;CA;AA;AA;Glu/Lys;CC;TT;AA;CC;GG;AC;54;27,2;5,2;7,4;9,1;38,5;107,8;4,2
GK110;CA;AG;AG;Lys/Lys;CC;TT;AA;CT;CG;AA;48;27,4;3,6;7,2;11,2;47,9;96,5;3,1
GK111;CC;AG;AA;Lys/Lys;TT;TT;AA;CC;CC;AA;57;32,1;5,2;8,1;12,3;;82,7;4,0
GK112;CA;AA;AA;Lys/Lys;CT;CT;AG;CC;GG;AC;55;21,1;5,5;7,1;9,7;42,7;92,1;2,0
GK113;CA;AA;AG;Glu/Lys;CT;TT;AG;CC;CG;AC;63;27,0;4,7;7,2;11,5;37,7;138,5;2,7
GK114;CA;AA;AA;Glu/Glu;CT;TT;AA;CT;CG;AA;60;24,1;5,0;8,2;;34,7;56,3;3,4
GK115;CC;GG;AA;Lys/Lys;CT;TT;AA;CC;CC;AA;59;20,9;5,7;6,4;10,4;59,3;129,6;3,2
GK116;CC;AG;AA;Glu/Glu;CC;TT;AA;CT;CG;AA;70;25,4;5,3;7,6;12,1;;95,5;1,7
GK117;CA;AG;AG;Glu/Glu;CC;TT;AG;TT;CG;AA;25;35,9;5,4;6,7;8,3;;41,6;3,2
GK118;CA;GG;AG;Glu/Glu;CC;CT;AA;TT;CC;AC;68;29,5;5,7;6,5;12,1;36,4;65,3;3,0
GK119;CA;AG;AG;Glu/Lys;CT;CT;AA;TT;CC;AC;67;27,3;5,8;6,7;10,4;34,6;147,8;1,7
GK120;CA;AA;AG;Glu/Glu;CT;CC;AA;CC;CG;AA;64;34,4;4,7;7,6;11,1;30,7;84,2;4,3
GK121;CA;AG;AG;Lys/Lys;CC;TT;AA;CT;CG;AA;52;21,5;5,6;5,8;10,8;39,0;99,7;2,9
GK122;CA;GG;AG;Glu/Glu;CC;CT;AG;TT;CC;AA;62;27,1;5,3;5,5;9,1;49,1;58,2;2,5
GK123;CC;AA;AA;Glu/Glu;CC;CT;AG;CT;CC;AA;68;27,0;4,4;7,3;9,3;45,7;131,2;3,3
GK124;CA;AG;AG;Glu/Glu;CC;CT;AA;TT;CG;AC;57;20,5;5,5;5,7;;37,5;107,2;1,6
GK125;CA;GG;GG;Glu/Lys;CC;TT;AG;TT;CG;AA;50;31,1;5,3;7,5;10,8;58,4;111,6;2,7
GK126;CA;AA;GG;Glu/Lys;CC;CT;GG;CT;CG;AA;56;25,2;5,5;7,1;11,0;55,6;145,9;4,7
GK127;CC;GG;GG;Glu/Lys;CC;TT;AA;CC;CC;AA;54;29,5;5,0;7,5;9,7;59,7;30,0;3,5
GK128;CA;AG;GG;Glu/Glu;CC;TT;AA;CT;CC;AA;56;31,7;4,5;7,9;9,4;55,3;53,7;3,7
GK129;CA;GG;AA;Glu/Lys;CC;CT;AA;CC;CC;AA;59;34,5;5,1;6,8;12,3;39,2;79,7;4,4
GK130;CA;AG;GG;Lys/Lys;TT;CC;AA;CC;CG;AA;40;33,2;4,5;6,5;11,6;38,2;81,6;3,6
GK131;CA;AA;AG;Glu/Glu;CC;TT;AA;CC;CG;AA;26;29,6;4,5;9,2;9,3;50,3;103,8;3,0
GK132;CA;AG;AA;Glu/Glu;CC;CT;AG;CT;CC;AA;63;26,1;4,7;7,5;8,6;32,3;71,0;2,0
GK133;CA;AG;AG;Glu/Glu;CC;TT;AA;CT;CG;AC;28;29,9;5,0;7,3;;35,8;71,1;2,5
GK134;CC;AA;AA;Glu/Lys;CC;CT;AA;CC;CG;CC;68;31,7;5,9;5,4;11,8;51,9;134,9;2,9
GK135;CA;GG;AG;Glu/Lys;CT;TT;AA;TT;CC;AA;41;29,0;4,9;7,1;10,8;50,6;111,4;2,6
GK136;CA;AG;AA;Lys/Lys;CC;CT;AA;CT;CC;AA;60;27,8;5,9;7,3;10,5;;133,5;3,2
GK137;CC;AG;AG;Glu/Lys;CT;CT;AG;CT;CG;AA;56;28,9;5,2;7,9;8,4;46,8;110,0;3,1
GK138;CA;AG;GG;Glu/Lys;CT;TT;AA;CT;CG;AA;65;27,5;5,8;6,5;11,8;50,2;52,5;4,0
GK139;CC;GG;AG;Glu/Lys;CC;TT;AA;CT;CC;AA;65;29,5;5,9;8,3;9,4;53,6;114,8;2,1
GK140;AA;GG;AG;Glu/Lys;CC;TT;AA;CT;CC;AA;67;27,9;5,7;5,8;12,4;39,4;71,2;1,6
GK141;CA;AG;AG;Glu/Lys;TT;CT;AA;CT;CC;AA;42;27,9;6,0;7,1;11,3;;76,8;2,1
GK142;CC;GG;AG;Glu/Lys;CC;TT;AA;CC;CC;AC;63;29,4;4,4;6,4;9,2;44,4;78,8;3,1
GK143;CA;AA;AG;Glu/Lys;CT;CT;AG;CC;CC;AC;69;26,2;3,9;6,7;9,9;37,4;71,2;2,3
GK144;CA;AG;AA;Glu/Lys;CT;TT;GG;CC;CC;AC;60;22,6;4,2;5,9;12,1;34,3;55,8;3,0
GK145;CA;AA;AG;Lys/Lys;CC;CT;AG;CT;CG;AA;58;31,3;5,9;7,4;10,5;44,6;102,8;2,5